,text,hs,translated_text
0,# rosenmontag abgesagt . # rapefugees gewohnt schwimmbad gehen !,1,# Rose Monday canceled.# Rapefugees are used to swimming pool!
1,bitte # turkei # eu-mitglied ! # menschenrechte # pressefreiheit # islamisierung,0,Please # Turkey # EU member!# Human rights # Press freedom # Islamization
2,wieso bekommen # rapefugees mehr hartz 4 enpfanger ? # esreicht,0,Why get # Rapefugee more Hartz 4 Enfanger?# it is enough
3,verfluchten # rapefugees krieg erklaren ! # wasfehlt,1,Scared # Rapefugees war!# What is missing
4,"wochenende ruhrpott unterwegs . uberall schwangere , muslimische frauen rattenschwanz kindern # islamisierung",1,"Weekend Ruhrpott on the way.Away Pregnant, Muslim Women's Rat Tail Children # Islamization"
5,"# asylanteninvasion straen gewaltausbruchen kommt - verantwortlichen hierfur , sitzen regierung / merkel !",0,"# ASYLANT INVASION Start violence is coming - Responsible for this, sitting government / Merkel!"
6,745 millionen menschen leben # europa . ca . 4 millionen # fluchtlinge bereiten kopfzerbrechen ? # rassisten sprechen # islamisierung ? !,0,745 million people live # Europe.Approx.4 million # escapeons prepare headache?# Racists speak # Islamization?Being!
7,tja # spd steuergelder fur fluchtlinge verpassen . # refugees # refugeesnotwelcome # refugeesgohome # abmerkeln,0,Tja # SPD missing taxpayers for refugees.# Refugee # Refugees Not Welcome # REFUGEES GO Home # Eveliction
8,fur kolner polizei gestiegene anzeigen grund : frauen seien anzeigefreudiger 2015 . # rapefugees,0,For Kolner police rising indications Reason: Women are displaying in 2015.# Rapefugees
9,"offenes , freies wlan # sophienhof # kiel . grund fur vorfalle gestern nachmittag ! zuruck kabul # rapefugees !",0,"Open, free Wi-Fi # Sophienhof # Kiel.Reason for incidents yesterday afternoon!Back Kabul # Rapefugees!"
10,"# unterdenlinden # petry fordert bessere regelung gesetze fur # asylanten # migranten . richtig , warum getan ?",0,"# Under the Linden # Petry calls for better control laws for # asylum # migrants.Right, why done?"
11,regeln gesetze einheimischen versto menschenwurde . # hungerstreik # rapefugees,0,Rules laws native violence people.# Hunger strike # Rapefugees
12,"# blutrache , # zwangsbekehrung , # scharia , # kinderbraute , # vielehe , # genitalverstummelung - erkennen , davon gehoren .",1,"# Bloodtrache, # Stress, # Sharia, # children's brides, # realism, # genital mutilation - identifying, including."
13,"worin liegt sinn fur bierindustrie , # islamisierung beschleunigen # deutsche biertrinker # glyphosat dezimieren ?",0,"What is the sense of beer industry, # Islamization accelerate # German beer drinkers # Glyphosat decimated?"
14,"claudia # roth : wer sex-attacken asylanten anprangert , geistiger bruder  tater ! fuck you from switzerland ! # asylanten # grune",0,"Claudia # Roth: Who enrolls sex attacks asylums, mental brother tader!Fuck You FROM Switzerland!# Asylum # grune"
15,februar 2016 kamen neusten angaben # ard tagesschau trotz grenzkontrollen balkanroute 39000 # asylanten # deutschland,0,February 2016 came the latest information # ARD Tagesschau despite border controls BalkanRoute 39000 # Asylum # Germany
16,unterbringung gefangnis verbrechen begangen versto menschenwurde. # hungerstreik # rapefugees,1,Accommodation Prison crimes committed violating human dignity.# Hunger strike # Rapefugees
17,# merkel schlampe eigentlich idee gekommen land tiefgreifend verandern ? # merkelmussweg # refugeesnotwelcome,0,# Merkel slut actually idea came over land profound?# Merkelussweg # RefugeesNotWelcome
18,# weltfrauentag farce angesichts # merkeldiktatur vorangetriebenen # islamisierung # europas !,0,# World Women's Day Farce in the face of # Merkelikatur driven # Islamization # Europe!
19,"gratis hauser , wohnungen , handys u. offitickets # mindestsicherung , straffreiheit , vorreihung ambulanzen , schlaraffenland o # zib2 # asylanten",0,"Free Hauser, Apartments, Mobile Phones & Phones. Offitices # Minimum Securing, Impotable, Presentation Outpatient, Locksland O # ZIB2 # Asylum"
20,# beateuhse konzern vermarktet # scharia konforme sexprodukte - bitte boykottiert firma .,0,# Beatewse group marketed # Sharia compliant sex products - please boycotted company.
21,"laut # orban # merkel europa neuen 500.000 # asylanten fluten zusatzlich millionen , sowieso kommen . ende gelande d",0,"According to # Orban # Merkel Europe new 500.000 # asylum floods additional millions, anyway.END GRANDING D"
22,wahlen # griechenland riesige # asylanten-kontingente abnehmen . wetten ? # annewill,0,Elections # Greece huge # asylum quotas.Betting?# Annewill
23,moment ernst-grube-halle endlich geraumt # leipzig # npd # jn # legida # refugeesnotwelcome,0,moment Ernst Grave-Halle Endlich Grawing # LebogG # NPD # JN # Legida # RefugenesNoE
24,"# illner . erst hie , kamen top arbeitskrafte . lese wichsenden , vergewaltigenden , betrugenden # asylanten . # merkel",1,"# Illner.Only here, top workers came.Read Wichsenden, Rape, Assuming # asylum.# Merkel"
25,# merkel `` '' '' '' bezogen . volk kummern . # annewill # refugees # refugeesnotwelcome,0,# Merkel `` '' '' '' ''.Volk coffers.# AnneWill # Refugees # RefugeesNotWelcome
26,slovenien macht grenze dicht ! gute nachricht ! # merkelmussweg # abmerkeln # refugeesnotwelcome,0,Slovenia makes border tight!good news !# Merkel has to vote away # # REFUGEES NOT WELCOME
27,"luxushotels # asylanten unterkunfte umfunktioniert , # deutsche mussen primitiven heruntergekommenen slums leben. # annewill # ard",0,"Luxury hotels # Asylum accommodation converted, # Germans have to live primitive downgraded slums.# AnneWill # ARD"
28,"niemand gefragt , schaffen . # asylwahn # rapefugees # volksentscheid # asylrecht , # grenzen dicht , # merkel !",0,"Nobody asked, create.# ASYLAUN # RAPEFUGEES # People's decision # asylum law, # borders tight, # Merkel!"
29,ausnahmen beim # mindestlohn uberhaupt # scharia vereinbar # moslems betroffen . # spd # cdu # deutschland,0,Exceptions at # Minimum wage overhead # Sharia compatible # Muslims affected.# SPD # CDU # Germany
30,"pobelnde # asylanten zeigen kopf-ab-gesten stinkefinger # clausnitz . laut # ulbig ermittlungen gg . asylanten , gg . deutsche .",0,"Plosing # asylum showing head-off stink finger # Clausnitz.According to # Ulbig investigations GG.Asylum, GG.German."
31,"geld portokasse # merkel , steuergeld ? 500.000.000,00 euro fur un fluchtlingshilfe # asylanten",0,"Money Portokasse # Merkel, tax money?500,000,000.00 Euro for UN escape leaf # asylum"
32,"angst # asylanten , uberfremdung deutschlands . politiker wisst ganz genau ! ! reicht stopp ! !",0,"Fear of asylum, crossing of Germany.Politician knows exactly!Being!Is enough!Being!"
33,spahn # cdu wegfall mindestlohn fur # asylanten . klare schlechterstellunf einheimischen ! abwahlen !,0,Spahn # CDU Election Minimum wage for # asylum.Clear bad position locals!Deselect !
34,"hass # deutschland mal gebahnt , wen eigentlich treffen ? # rapefugees # politiker # ossis # journalisten ?",1,"HATT # Germany Time, who actually meet?# Rapefugees # politician # Ossis # Journalists?"
35,"d-radio : 2,8 millionen menschen # fluechtlinge # migranten # asylanten # tuerkei , verhandlungen # eu",0,"D-Radio: 2.8 million people # Flechtlings # migrants # asylum # Tuerkei, negotiation # EU"
36,nutzt erde geld ? kranker mensch geniet welt ! '' '' - goethe # deutschland # hartziv # merkel # fluechtlinge # asylanten,0,Does Earth use money?Sick person geniest world!'' '' - Goethe # Germany # Hartziv # Merkel # Flechtlings # Asylum
37,"jahr mussten eltern , tochter schwimmbad gingen , uberlegen , schon schwimmen konnen . # rapefugees",0,"Year had parents, daughter swimming pool went, superior, can already swim.# Rapefugees"
38,"# hartaberfair # eu lander land burger wichtiger # asylanten . moralisch , ethisch finanziell verstandlich",0,"# Hartaberfair # EU Lander Land Burger Important # asylum.moral, ethically financially understandable"
39,# besorgtegutmenschen regen : # khaled - # asylanten getotet . # lageso-toter - # moabithilft ente # handgranate - warfen # migranten,1,# Worried Guteben Rain: # Khaled - # asylum killed.# Lageso-dead - # Moabit helps duck # hand grenade - thread # migrants
40,"swr radio momentan werbung pro # asylanten gemacht , penetrant phase weihnachtssongs & fastnachts-seeligkeit",0,"SWR Radio Currently Advertising Pro # Asylum Made, Penetrant Phase Christmas Songs & Carnival Seels"
41,idee : # hartzer vs # asylanten einzelkampf . wer schneller nen arbeits/ausbildungsplatz findet deutsch lernt/kann darf bleiben .,0,Idea: # Hartzer vs # asylum detail.Who finds faster work / training place German learns / can remain.
42,# schweden burgerkriegsartigen zustanden ! lasche konservative irre sozialistische regierung fluten land # asylanten,0,# Sweden burger-war-like?Tab Conservative Irrore Socialist Government Floods Country # Asylum
43,utter zbale this hashtag # rapefugees,1,utter zbale this hashtag # rapefugees
44,gestern kamen # asylanten . heute nacht wurde versucht einzubrechen . # zufall ?,0,"Yesterday came # asylum.Tonight, attempt was tried.# conicidence ?"
45,"erschreckend , # frauen , 30 jahre # emanzipation zugunsten islamistischer # vergewaltiger tonne treten ! # rapefugees # afd",1,"Frightening, # women, 30 years # emancipation in favor of Islamist # rapist ton!# Rapefugees # AfD"
46,"# deutschland ubt # karneval regeln # scharia , eh bald # moslems feiern . deutsche # frauen angst zuhause",1,"# Germany ubt # carnival rules # Sharia, anyway soon # Muslims celebrate.German # women afraid at home"
47,mond gerade anschaue : # islamisierung abendlandes schon langst !,0,Moon just look: # Islamization Winning already long ago!
48,# fakt # ard : # asylanten fahren taxi herum steuerzahlerkosten . mehrere 100 . # merkel macht moglich ! unglaublich !,0,# Fact # ARD: # Asylum drive taxi around taxpayer costs.Several 100.# Merkel makes possible!incredible !
49,# asylanten einf 2 verschiedene menschen bzw volker/kulturen '' '' zusammenleg '' '' + sagen seit ma gluckl miteinander+versteht,0,# Asylum insert 2 different people or folks / cultures '' '' merge '' '' + say since Ma Gluckl knows +
50,# idomeni # asylanten # fluechtlinge schone vorstellung fur kameras . blanke gewalt . merkel druckt daheim krokodilstranen kissen . ? ?,0,# Idomeni # asylum # Fluechtlie Schae presentation for cameras.Blare violence.Merkel prints at home crocodilstrans pillows.??
51,"schnittmenge # npd # afd ? funny ... # euro ? # asylanten ? # islam ? # familie ? gibt schnittmenge , # afd gibt",0,"Quantity # NPD # AFD?Funny ... # Euro?# Asylum?# Islam?# family ?gives cut, # afd gives"
52,# arabisch schulsprache - # islamisierung # deutschlands vollem gange,1,# Arabic school language - # Islamization # Germany's full swing
53,"stelle gerade , ware , saudis deutschland einmarschieren wurden # scharia # krieg # syrien",0,"Job straight, goods, Saudis Germany were involved # Sharia # war # Syria"
54,wer verraten ? sozialdemokraten ! werner faymann derzeit paradebeispiel dafur . # kontingent # refugeesnotwelcome # traurig,0,Who betray?Social Democrats!Werner Faymann is currently prime example.# Contingent # RefugeesNotWelcome # sad
55,"lieber # horst # seehofer , # bayerische # staat braucht # strategie , # islamisierung # bayerns # riegel # vorschiebt ! # sz # faz",1,"Dear # Horst # Seehofer, # Bavarian # state needs # strategy, # Islamization # Bayerns # Riegel # advances!# SZ # FAZ"
56,"nix mehr '' '' leute # asylanten-heimen . gut , auer denen geklauten handys. # maischberger",0,"Nothing more '' '' People's asylum's homes.Good, outside those stolen cell phones.# Maischberger"
57,stelle kame frieden # asylanten syrischen passen wurden dorthin ausgeflogen .,0,Job Kame Peace # Asylum Syrian fit were executed there.
58,"# juliakloeckner . # cdu schaffen , weitere millionen # asylanten d locken dumme bevolkerung melken . wetten ?",0,"# Julia Klöckner.# CDU create, more million # asylums d lure stupid population milking.Betting?"
59,"# maischberger fratscher : geld fur migranten investition.bis dahin weiterhin # rapefugees , # islamisierung # is terroristen . # abmerkeln",1,"# Maischberger Fratzscher: Money for Migrants Investment.Bis continues # Rapefugees, # Islamization # is terrorist.# Eveliction"
60,"egal # partei , wahlt # orange # apfelsine ! # annewill # einprozent # grenzendicht # refugees # refugeesnotwelcome # deutschland",0,"No matter # party, chooses # orange # apple!# AnneWill # single percent # Limits close # Refugees # Refugees Not Welcome # Germany"
61,"# griechenland , beschlusse # asylanten blockieren is land , quartalsweise milliarden schnorrt , ?",0,"# Greece, declusing # asylums block is country, quarterly billions Schnorrt,?"
62,"# reker beugt # islam # scharia , schafft fur frauen sicherheitszonen ( =fluchtpunkte ) `` '' # fluchtlinge '' '' # koln # massenvergewaltigungen",1,"# Buyer bends # Islam # Sharia, creates for women security zones (= voice points) `` '' # escape ""'' '# Koln # mass rape"
63,# maischberger liefers : achten frauen ... . fur viele # rapefugees paradies hier.lasche strafen vergewaltigungen,1,# Maischberger supplier: eighth women ....For many # Rapefugees paradise here.Lasche punishment rape
64,perlen redaktionskonferenz - heute idee fur buchtitel : `` '' wunder # dresden - # islamisierung muslime '' '' # nopegida # nolegida,0,Pearls Editorial Conference - today idea for book title: `` '' Miracle # Dresden - # Islamization Muslims '' '' # Nopegida # Nolegida
65,"gemeinsam # pegida stehen , schulter schulter , zahnen bewaffnet , burgerkrieg # rapefugees # schauhin",1,"Together # Pegida Standing, Shoulder Shoulder, Teething Armed, Burger War # Rapefugees # Schuehin"
66,"# merkel rechnet 3,6 mio neuen # asylanten d 2020 ! vergleich : schatzung 2015 500.000 , gekommen > 1,1 mio . dank # cdu",0,"# Merkel expects 3.6 million new # asylum D 2020!Comparison: estimation of 2015 500,000, came> 1.1 million.Thanks # CDU"
67,"heute verstanden , dunkelhautigen schwarzen burkas dunkler  kultur  bunt ... # islamisierung",1,"Today understood, dark-skinned black burkas dark culture colorful ... # Islamization"
68,"sommer sommer # rapefugees , schade wahlen herbst .",0,"Summer summer # Rapefugees, pity election autumn."
69,gedanken frei -nicht mehr # europa # deutschland # sophienhof # koelnbhf # merkelmussweg # islamisierung # fluchtlingskrise,0,Thoughts free-not more # Europe # Germany # Sophienhof # Koelnbhf # Merkelussweg # Islamization # escape crisis
70,"wer fur deutsche # arbeitslose # obdachlose selben finanz . mittel fordert , `` '' # asylanten '' '' zukommen , beschimpft . absurd .",0,"Who for German # unemployed # homeless same financial.Means demanded, `` '' # asylum '' '' comment, insult.Absurd."
71,"wieso gutmenschen , vegetarier , veganer tierschutzer eigentlich `` '' halal '' '' -schlachtung ? # asylanten # fluchtlinge",0,"Why good people, vegetarians, vegan animal rights actually `` '' Halal '' 'slaughter?# Asylum # refugees"
72,"soldat , fluchtlinge u.a . # rapefugees nutzt , kritisiert tweets # inthebox - patridiot gewehr . na toll .",0,"Soldier, escape, etc.# Rapefugees uses, criticized tweets # InTheBox - Patridiot rifle.Great ."
73,sagen # afd wahler sollen # schamen . finde jungs # koelnhbf mehr grund schamen . # rapefugees,0,say # AfD Wahler should # Schamen.Find guys # Koelhbf more reason.# Rapefugees
74,"# maischberger laschet : pegida gibts westen nicht.leute trauen mitzulaufen wegen achtung , # islamisierung umso realer dor",0,"# Maischberger Laschet: Pegida there is non-west non-trust truncation due to attention, # Islamization all the Real Dor"
75,# beateuhse fordert # scharia uber internet-sexshop el asira # niederlanden,0,# Beatewse calls # Sharia Uber Internet Sexshop El Asira # Netherlands
76,danke # clausnitz fur # widerstand ! seid helden ! # sos # rapefugees # koelnhbf # cologne # islamisierung westdeutschland : danke ! ! !,1,Thank you # Clausnitz for # resistance!Be Heroes!# SOS # Rapefugees # Koelhbf # Cologne # Islamization West Germany: Thank you!Being!Being!
77,# hartaberfair gesagt brechen 66 % # asylanten ausbildung ab. # afd,0,# Hartabafair Said break 66% # asylum education.# AfD
78,# asylanten betteln nachbardorfern . lange kriminalitat versteckt ? # asylbewerber # fluechtlinge # asylum,1,# Asylum begging neighboring villages.Long crime hidden?# Asylum seeker # Flechtvints # asylum
79,", 's 100mal gesagt wurde , falsch : ab turkei syrer u iraker fluchtlinge mehr ! # refugeesnotwelcome",0,"'S 100 times told, wrong: From Turkey Syrian and Iraqi escape lots more!# REFUGESNOTWELCOME"
80,fluchtlingen sofort gratis villen & autos auszuhandigen versto menschenwurde . # hungerstreik # rapefugees,0,Refugees Immediately Free Villas & Cars Handy Infringement Human Dignity.# Hunger strike # Rapefugees
81,konnten schmarotzer kriminelle loswerden wurde # asylanten-schwemme beherrschbare zahlen runtergehen .,1,Criminals were able to get rid of the criminal criminals.
82,"# asylanten wohl mitbekommen , # linke , # gutmenschen , # antifa , deutsche nation , zerstoren ? ?",0,"# ASYLANTS well-kept, # left, # good people, # Antifa, German nation, destroy??"
83,"angst # islamisierung ? deutsche + europaische geschichte , tradition , brauche , sprache leben , lehren vermitteln ! # hartaberfair",0,"Fear # Islamization?German + European history, tradition, need, language life, teach!# hard but fair"
84,# oecd schatzt wachstum d nachsten jahren schwacher erwartet . boom # asylanten auer schulden ?,0,# OECD estimates growth of the next year weaker expected.Boom # Asylum Auer debt?
85,"mecklenburg-vorpommern 21.01.2016 spd 28 % afd 5 % , 16.02.2016 spd 22 % afd 16 % # bereicherung # fluchtlinge # spd # islamisierung",0,"Mecklenburg-Vorpommern 21.01.2016 SPD 28% AFD 5%, 16.02.2016 SPD 22% AFD 16% # enrichment # escape # SPD # Islamization"
86,"deutschlandradio kultur erfahren gerade , islam gg christentum frauenfreundlichere relion . # islamisierung # pegida",0,Deutschlandradio Culture is currently experiencing Islam GG Christianum Women Friendly Relion.# Islamization # Pegida
87,ca . 70.000 syrer fliehen kampfen . warum kampft endlich fur land ? # refugeesnotwelcome # fluechtlinge,0,"Approx.70,000 Syrian flee fight.Why is FINALLY FOR LAND?# RefugeesNotWelcome # Flechtlings"
88,warte # brennpunkt # ard +ein # zdfspezial thema # handgranate # maas + # kretschmann # asylanten,0,Wait # Focus # ARD + A # ZDF Special Topic # Hand Grenade # Maas + # Kretschmann # Asylum
89,integrierte abgeschoben ? illegale tater durfen bleiben ? ? wieso lauft falsch ? ? # refugeescrisis # islam # rapefugees,1,integrated deported?Illegal taders remain thirst for??Why is wrong??# RefugeesCrisis # Islam # Rapefugees
90,"liebe gutmenschen , einzelfall asylanten immer mehr. # kiel # sophienhof sieht schlummert armen # asylanten. # afd",0,"Love good people, individual case asylum more and more.# Kiel # Sophienhof sees slumbering arms # asylum.# AfD"
91,frankreich sagt 30t # asylanten aufnehmen..und seit jahresbeginn schon 100t aufgenommen . # merkel verpiss ! !,0,France says 30T # Take asylums..And since the beginning of the year already 100T recorded.# Merkel Piss!Being!
92,warum spendet # hoaxmap # werbeeinnahmen # opferfamilien # vergewaltigung # fluchtlinge # asylanten passiert,0,Why donates # Hoaxmap # Advertising revenue # Sacrificial Families # Rape # escape - # asylum happens
93,"# islamisierung # abendlandes schlimmste krise gegenwart , losen , zuruckdrangung # islam wuste .",1,"# Islamization # Worst Country Worst Crisis Present, Losen, Reset Pregnation # Islam Wuste."
94,# deutschland scheie findet warum wollt moglichst vielen # asylanten zumuten leben ?,0,# Germany shit finds why do you want to live with many # asylums?
95,"gefluchtete landern totalitaren ideologie # islam , # islamisierung gesellschaft anzuheizen # taqqiya # abmerkeln",0,"Founted countries Totalitarian ideology # Islam, # Islamization company to accumulate # Taqiya # vote"
96,deutschland europaern # islamisierung # zwangsmigration aufzwingen.das geht ! # afd # hartaberfair,0,Germany Europe's # Islamization # forcing forced migration. This is!# Afd # Hartaberfair
97,"brauche blog , glaube , 140 zeichen wenig . get rid of # islam # muslims # rapefugees",1,"Need blog, faith, 140 characters little.Get Rid Of # Islam # Muslims # Rapefugees"
98,deutschland staatlichkeit aufgegeben ! gg fugen gehoben ! herrscht irrsinn # islamisierung # cdu # hartaberfair,0,Germany statehood abandoned!GG joints lifted!there is madness # Islamization # CDU # Hartaberfair
99,ifo-chef # sinn warnt fluchtling kostet # deutschland 450.000 euro ! ! ! # asylanten,0,"Ifo boss # Sense warns escape costs # Germany 450,000 euros!Being!Being!# Asylum"
100,warum wurde # mob # clausnitz # polizei aufgelost situation beruhigen ? # fluchtlinge # fluchtlingskrise # asylanten,0,Why was # MOB # Clausnitz # police soothing situation?# Escape # Fleet Crisis # asylum
101,"ungarn volksabstimmung durchfuhren , macht ! # refugeesnotwelcome",0,"Hungary Imploten, power!# REFUGESNOTWELCOME"
102,seit beginn # asylflut sprunghafter anstieg # vergewaltigungen fast 500 % ( ! ! ! ) . # abmerkeln ! wehrt ! # grenzendicht # rapefugees,1,Since the beginning of the beginning # asylum flood of jumped increase in # Rape almost 500% (!!!).# Voice!Sharing!# bordering # Rapefugees
103,nrw : duisburg-marxloh erst anfang ... rest arbeit # abmerkeln # islamisierung # migranten,0,NRW: Duisburg-Marxloh First start ... Remainder work # vote # Islamization # migrants
104,# clausnitz 1000 anzeigen wg . korperlicher angriffe+ # diebstahl eingegangen ? # kolnhbf # polizei # rapefugees # handgranate # asyl # merkel,0,# Clausnitz 1000 Show wg.Physical attack # Theft entered?# Cologne Hbf # police # Rapefugees # hand grenade # asylum # Merkel
105,"# kiel wer immer blockparteien wahlt , macht mitschuldig kommenden verbrechen ! ! ! ! ! ! # abmerkeln # rapefugees # afd wahlen !",1,"# Kiel who always elements block parties, makes complicity coming crime!Being!Being!Being!Being!Being!# Eveliction # Rapefugees # afd elections!"
106,deutsche frauen # rapefugees opfern . # wasistlinks,1,German women # Rapefugees sacrifice.# Wasistlinks
107,# illner . deutsche wirtschaft freude # asylanten uberschlagen . ziehen schwanz . warum ?,0,# Illner.German economy joy # express asylum.Pull tail.why ?
108,"tun # clausnitz ? neuen # asylanten , kampf asylmafia , # merkel gericht stellen , # cdu abwahlen uberall !",0,"Do # Clausnitz?New # Asylum, Fight asylum Mafia, # Merkel Court, # CDU preview all over!"
109,"# asyl-befurworter , nie # asylanten zuhause aufgenommen habenkann ernst nehmen .",0,"# Asylum Before, never have recorded asylum at home."
110,"mio arbeitslose muslimische # asylanten deutsche mehrheit land lassen & mehrheit nazis beschimpfen , # cdu !",0,"Mio Unemployed Muslim # Asylum's German Majority Land Let & Majority Nazis, # CDU!"
111,"# multikulti eigentlich , # islamisierung schon .",0,"# Multikulti actually, # Islamization already."
112,heutige tagesscheisse heist # hoaxmap . tatsachlichen vergewaltigungen # fluchtlinge # asylanten erwahnt .,0,Today's daycare mean # Hoaxmap.Actual Rape # Clothes # ASYLANT mentions.
113,"ja realitat wirklich unbequem , ignorieren . # islam # scharia # salafismus # multikulti",0,"Yes realitat really uncomfortable, ignore.# Islam # Sharia # Salafism # Multikulti"
114,"uberzeugung , notwehr : afd wahlen landtagswahlen , d kaputt # abmaasen # regsprecher # krimigranten # rapefugees",0,"Convention, Emergency Wine: AfD Elections Landtag options, D broken # Masure # Registromin # Crime Crime # Rapefugees"
115,"gesagt : `` '' # domian  , hasse '' '' abgefeiert ... : - ( # gez # wdr # 1live # koelnhbf # rapefugees",0,"Said: `` '' # Domian, Hasse '' '' ""Filtered ...: - (# GEZ # WDR # 1Live # Cologne HBF # Rapefugees"
116,"bezeichnend : musl.verbande schlieen `` '' allianz fur weltoffenheit '' '' an.hinterher , hilft # islamisierung # abmerkeln",0,"Significant: Islam.Connections Close `` '' Alliance for cosmopolitanism '' '' 'History, helps # Islamization # vote"
117,geruchten zufolge finden netzen fischer # mittelmeer inzwischen mehr passe fische ! ? ? # fluchtlinge # asylanten # merkel,1,"Radio, Nets Fischer # Mediterranean now find more passe fish!??# Classes # Asylum # Merkel"
118,wurde gern mal # sondersendung taglichen # inlanderfeindlichkeit sehen . # refugeesnotwelcome # brdregime # volksverrater # unrecht,1,Was I like to see # special broadcasting santic # landmark.# RefugeesNotWelcome # Brdregime # Volksverrater # wrong
119,"allermeisten immer begriffen : # islam eigenen # menschenrechte , # scharia-basiert . deppen !",1,"Allermost always understood: # Islam's own # human rights, # Sharia-based.Pard!"
120,fast 100.000 neue # asylanten kamen januar 2016. # bamf geht 500.000 furs gesamte jahr ? konnen mal rechnen ?,0,"Almost 100,000 new # Asylums came January 2016. # BAMF goes 500,000 for all year?can count?"
121,"kandidaten eigentlich , hashtags # rapefugees # krimigranten wurden glaubwurdiger und/oder serioser ?",0,"Candidates Actually, Hashtags # Rapefugees # Crimigrant were believed and / or Serious?"
122,stadt tausende neue muslime ! millionen muslime brauchen gebetsraume ! bald tausende moscheen gebaut ! # islamisierung !,0,City thousands of new Muslims!Millions of Muslims need prayer room!Soon thousands of mosques built!# Islamization!
123,"# krimmigranten behandeln , hinlanglich berichtet ? militars annahernd abartig verhalten , davon mu 2/4",0,"# Treat criminaligrants, reported down?Militar behavior behavior, of which MU 2/4"
124,fluchtlinge zwangsweise privathaushalten einzuquartieren thema landtagswahlen . # merkel # rapefugees # vorhersagetweet,1,Refugees forcibly private households quarter animals theme country elections.# Merkel # Refugee # prediction tweet
125,"heimleiter # asylanten heim clausnitz entlassen , afd mitglied..soviel demokratie diskriminierung hochster stelle ! !",0,"Home Manager # Asylum House Clausnitz released, AfD Member..soviel Democracy Discrimination Highest Position!Being!"
126,"warum # deutschland solidarisch rest europa ? , weiteren langzeitarbeitslosen vergewaltigenden # asylanten",1,"Why # Germany Solidary Rest Europe?, Other long-term unemployed rape asylum"
127,# asylanten kommen erbarmlichsten zustanden & bringen 4*hotels taschengeld all incl ? # merkel denkt gehen ?,0,# Asylums are most likely to come about & bring 4 * hotels pocket money all inclusive?# Merkel thinks?
128,"# schwulenhilfe # berlin richtet fur schwule # asylanten schwulen-unterkunfte , gekoppelt schw.puff konnten asylanten arbeiten",1,"# Golenhilfe # Berlin sets up for gays # asylum gay accommodations, coupled Schw.Puff could work asylum"
129,"recht ominos zugungluck . wusste gerne , lokfuhrer hassan , ali mohammed hieen # fluechtlingskrise # islamisierung",0,"Right Ominos train accident.Would like to know, driver Hassan, Ali Mohamed Hieen # Fluechtling Crisis # Islamization"
130,durfen stuttgart `` '' # fluchtlinge '' '' `` '' # rapefugees '' '' immer kostenlos stadion ? ; - ) ) # vfbbvb,0,May Stuttgart `` '' # Refugees '' '' '`' '' # Rapefugees '' '' Always free stadium?;-)) # VfB BVB
131,"frau `` '' m turkischen wurzeln '' '' erzahlt , beunruhigt direkt neben schule tochter # asylanten-heim aufmacht . fiese rassistin",0,"Mrs. `` '' told in Turkish roots' '' '', worried beside next to school's daughter # asylum's home.Fine racist"
132,fluchtlinsheime denen tag gratis rinderfilet serviert versto menschenwurde. # hungerstreik # rapefugees,1,Escape Heaters Which day for free cattle fillet serves violence.# Hunger strike # Rapefugees
133,"vorhin jemand erzahlt , # handgranate evtl . # asylanten selber kam ? wei jemand ?",0,"Prev earlier, # hand grenade possibly.# Asylum myself came?Does anyone?"
134,fur # schweinefleischpflicht ! ! ! hilft # islamisierung ! ! !,1,For # pork liability!Being!Being!Helps # Islamization!Being!Being!
135,"# europa gro , nie islamisch . bleiben . nein # islamisierung europas !",1,"# Europe big, never Islamic.stay .No # Islamization of Europe!"
136,"traut sagen wirklich lauft , mal samstag fruh pott arbeit fahren # asylanten # domian",0,"Traut Really Ready, Saturday Fruh Pott Work Driving # Asylum # Domian"
137,# merkel 100.000e # asylanten spanien abschieben uberall gespart & > 20 % arbeitslos sind.das solidaritat ! heuchlerin,0,# Merkel 100.000e # Asylum Spain Splighting Everywhere Supply &> 20% are unemployed.The solidarity!hypocrite
138,"zeiten , # rotherham moglich , einsehen , # islamisierung bereits stattgefunden !",0,"Times, # Rotherham Possible, view, # Islamization already took place!"
139,# griechenland # grenze # mazedonien mu # radikalen # migranten klar : fluchtlinge mehr # krimigranten # rapefugees,1,# Greece # border # Macedonia Mu # radical # migrants clear: Escape More # Crime Migrants # Rapefugees
140,# deutschebank sagt # asylanten helfen wirtschaft.die kompetenz denen ubrigens geschaftszahlen ablesen .,0,# German Bank says # asylums help economy.The competence will reading the experienced business.
141,"warum ladt eigentlich mal normalen burger # maischberger , thema # asylanten geht ?",0,"Why is actually normal burger # Maischberger, topic # asylums goes?"
142,# sachsen # asylanten . bitte pauschalisieren . schuld cdu ( regiert land+bund ),0,# Saxony # asylum.Please fancy.Guilt CDU (rules Land + Bund)
143,"# hartaberfair schwahn : .das problem fehlende geld , angst # islamisierung landern eu .",0,"# Hartaberfair thong:. The problem lacking money, fear # Islamization Lermen EU."
144,"liebe # gemeinden # bayern , legen # asylanten # obergrenzen fest setzen # notfalls # gericht ! # sz # faz # zeit # nzz",0,"Love # communities # Bayern, put # asylum # upper limits fix # if necessary # court!# Sz # FAZ # Time # NZZ"
145,worauf warten # fluchtlinge # asylanten eigendlich ? # griechenland = # europa = kriegsland asyl griechenland .,0,What are there # refugees # asylum actually?# Greece = # Europe = war country asylum Greece.
146,landtagswahlen 14.3. sicher # benzinabgabe eingefuhrt ! deutsche zahlen rekordsteuern fur # asylanten hangematte !,0,Landtag options 14.3.Safe # petrol delivery introduced!German numbers record taxes for # asylum hanging!
147,"kostenloses , langsames internet fluchtlinsheimen versto menschenwurde . # hungerstreik # rapefugees",0,"Free, slow internet escape ministry violence.# Hunger strike # Rapefugees"
148,"# gutmenschen , # islam unterstutzen , wundern , bald immer aggressiver barbarei # scharia d gefordert .",1,"# Gotman's, # Islam supports, wondering, soon becoming more aggressive barbare # Sharia D challenged."
149,# orf # zib20 # vergewaltigung irak. # asylanten kind ! # hallenbad # wien informationen wg opferschutz ! wer glaubt ?,1,# ORF # ZIB20 # Rape Iraq.# Asylum child!# Indoor pool # Wien Information WG sacrificial protection!Who believes?
150,# griechenland milliarden fur # asylanten griechische rentner bezahlen ! griechische marine migranten turkei bringen,0,# Greece billions for # ASYLANT Greek pensioners pay!Greek Marine Migrants Turkey
151,"schule nichte wurde eltern gesagt , madchen sollen mehr minirocken unterricht kommen . # islamisierung",0,"School Niece was said parents, Madchen should come more mini socks lessons.# Islamization"
152,"# merkel , hergeholten kulturbereicherer cdu wahlen . , eigene # scharia-partei grunden ? # abmerkeln",0,"# Merkel, highlighted cultural areas of CDU elections., own # Sharia party ground?# Eveliction"
153,"# amnestyinternational heult 1h schrecklich d , # asylanten welt bringen . linksfaschismus ?",0,"# Amnesty International howling 1h terrible D, # bring the asylum to the asylum.Left fascism?"
154,schwimmbader scheissen durfen versto menschenwurde . # hungerstreik # rapefugees,0,Swimming pools Shoes may violate human dignity.# Hunger strike # Rapefugees
155,# freilichtmuseum # hessenpark # asylanten nein danke # armlaenge,0,# open-air museum # Hessenpark # asylum no thank you # Armlaenge
156,zerreien maul uber `` '' # rapefugees `` '' . aufschrei `` '' make rape legal '' '' ? gab 's ...,1,Crunched mouth over `` '' # Rapefugees `` ''.Outback `` '' Make Rape Legal '' ''?Give it ...
157,"landtagswahlen : afd 2-stellig abschlieen , m kaiserin-wahlt afd notwehr # nichtwahler # nichtwahlen # krimigranten # rapefugees",0,"Landtag options: Complete AFD 2 digits, M Empress-chooses AfD Moneymin # Non-Wahler # Nonplace # Crimigrant # Rapefugees"
158,karneval # merkel anscheinend versaut . frauen fuhlen unsicher . # weiberfastnacht # rapefugees,0,Carnival # Merkel apparently messed up.Women feel uncertain.# Wienerfastnacht # Rapefugees
159,# cameron # bringt # # grobritannien # merkel ? # auer # asylanten # chaos # regierung,0,# Cameron # brings # # United Kingdom # Merkel?# Auer # asylum # chaos # government
160,# spd fordert unterstutzung fur arme deutsche fur # asylanten . abgelehnt ! # cdu heute .,0,# SPD calls for support for poor Germans for # asylum.declined !# CDU today.
161,# koln sexuelle ubergriffe koln . : # asylanten attakieren schwimmbad jugendliche madchen bekommen daraufhin `` '' hausverbot '' '',0,"# Cologne sexual attacks Koln.: # Asylum attack swimming pool Teenagers Girls get there, `'' House ban '' '"
162,# steuererhohungen wegen # fachkrafte kommen erst # bundestagswahl . # wirschaffendas # merkel # integration # rapefugees # spd # cdu,0,# tax increases due to # professionals come first # Bundestag election.# We create the # Merkel # Integration # Refugees # SPD # CDU
163,"religion doof , doofheitsfreiheit , problem # islamisierung # katholischemissionare # gnargh",0,"Religion stupid, stupid hands freedom, problem # Islamization # Catholic missionaries # Gnargh"
164,"gegner # asylanten # nazis gleichzusetzen , einfach falsch ! verharmlost ns-regime ! # clausnitz # bautzen # deutschland",0,"Opponent # asylum # Nazis equal, just wrong!Hearted Nazi regime!# Clausnitz # Bautzen # Germany"
165,raumung calais ! super ! # refugeesnotwelcome,0,raumung calais ! super ! # refugeesnotwelcome
166,# leyen erklart : # deutschland # fluechtlinge / # asylanten soldaten ausbilden situation # syrien # krieg sichern,0,# Leyen explains: # Germany # Flechtlifts / # Asylum Soldiers Form Situation # Syria # Secure War
167,"nichtwahler . macht briefwahl , einfach schnell .. # krimigranten # rapefugees # stegner # augstein # simonepeter # gabriel # roth # kunast",0,"Non-wahler.Makes postal ballot, easy fast .. # Crimmigrant # Rapefugees # Stegner # Augstein # SimonePeter # Gabriel # Roth # Kunast"
168,", `` '' rechte '' '' ausfressen # afd schuldsind # groko u # grune net fur verbrechen # asylanten verantwortlich ?",0,", `` '' Rights '' '' Food # AfD guilt are # Groko and # Green Net for crime # asylum responsible?"
169,"dank # merkel : mehr # asylanten , mehr turken , mehr ausgaben , turkei kommt eu . verlieren merkel . # cdu abwahl !",0,"Thanks to # Merkel: More # asylum, more turks, more issues, Turkey comes EU.Lose Merkel.# CDU deslad!"
170,wurde eigentlich geschichte `` '' syrischen arzten '' '' ? # rapefugees ja wohl wahrlich gynakologen .,1,Has actually history `` '' Syrian doctors '' ''?# Rapefugees well probably gynakologists.
171,deutsche wurde 70 jahre lang erzogen mund halten ! schluss ! # refugeesnotwelcome # volk # afd # merkelmussweg,0,Germans were killed 70 years old mouth!Enough !# REFUGESNOTWELCOME # Volk # AfD # Merkelussweg
172,pseudo # sturmwarnung # nrw schutz deutscher frauen # rapefugees # jager arsch retten ? # dusseldorf # karneval,0,Pseudo # Storm warning # NRW Protection of German women # Rapefugees # Jager ass save?# Dusseldorf # carnival
173,# morgenmagazin lat # asylanten berlinale israelfeindlichen film anschauen finden toll ! davon lernt schreiben 30 .,0,# Morgenmagazin Lat # Asylum Berlinale Islamfine Movie Find great!It learns to write 30.
174,betreuung fur - rechtsanspruch # kitaplatz gilt fur # fluchtlingskinder # fluechtlingskrise # asylanten # fluechtlinge,0,Support for - Legal claim # Kitaplatz applies to # escape beads # Fluechtling Crisis # Asylum # Fluechtings
175,"# hayali # asylanten spanien abschieben , uber 20 % arbeitslose riesige verschuldung ! tipp : grenzen sichern !",0,"# Hayali # asylum of Spain, including 20% unemployed huge debt!Tip: Secure borders!"
176,"warum spenden # grune , # cdu # spd einkommen fur # asylanten ? geld menschen leichter ausgeben lat !",0,"Why donate # green, # CDU # SPD income for # asylum?Money people are easier to spend Lat!"
177,# schonborn schande ! huldigt invasoren christen erbarmungslos ermorden ! # rapefugees # christen # kirche # fpoe,1,# Sandborn shame!Homely invaders murder Christians mercilessly!# Rapefugees # Christians # church # Fpoe
178,brauchen aufstand anstandigen deutschland . # abmerkeln # abschieben # grenzkontrollen # islamisierung stoppen,1,need uprising donor Germany.# Eveliction # Pick up # Border controls # Islamization stop
179,"ziehe # revolution # krieg , zumindest nehmen revolution teil , . ( marcel proust ) # wehrdich # ia # stehauf",0,"Draw # Revolution # war, at least revolution participate ,.(Marcel Proust) # Wehrdich # IA # uphill"
180,"# srfarena # svp logik : # minarette # schweiz gefahrlich , # waffen fur # scharia-staat # saudi-arabien unbedenklich .",0,"# Srfarena # SVP logic: # Minarette # Switzerland dangerous, # weapons for # Sharia state # Saudi Arabia harmless."
181,"regierung schutzt angeblichen sturm beim rosenmontagszug , # gang-rape # rapefugees # abmerkeln # fluechtlingskrise",1,"Government protauses alleged storm at the Rose Monday train, # Gang-Rape # Rapefugees # vote # Fluechtling Crisis"
182,anfangl.motivation # asylanten # integrieren beruf lernen bald nachlassen ! hohen anforderungen kennen .,1,Startl.Mitivation # Asylum # Integrating profession Learning soon Slimming!know high requirements.
183,warum sollten weibliche # eindringlinge eigentlich ordnung ? irgendjemand brut aufgezogen . # rapefugees,0,Why should female # invaders actually order?Somebody raised brood.# Rapefugees
184,verhaftungen vergewaltigern erfolg verkaufen aufmerksamkeitswinseln armseligen behorde . # polizei # koln # rapefugees,1,Adheres rapists Success Sell attention Winters Arm's Army.# Police # Cologne # Rapefugees
185,"tag , anhanger # islam deutschland stromen , weitere etappe # islamisierung erfolgt ! # islamistheproblem # afd",0,"Day, Pendant # Islam Germany Stroms, Further Stage # Islamization takes place!# IslamisteForlem # afd"
186,"herrlich # deutsche # medien berichten , # hamburger # karnevalumzug wurde wegem sturm abgesagt , wegen # rapefugees",0,"Gorgeous # German # Media Reports, # Hamburger # carnival parade was canceled because of storm, because of # Rapefugees"
187,1000 straftaten # asylanten 2015 deutschland.1000 straftaten # asylanten nacht # koeln .,0,1000 offenses # Asylum 2015 Germany.1000 Crimes # Asylum Night # Koeln.
188,deutsche # nazi pack irgendwann entscheiden . # klappehalten mal ernsthaften # widerstand leisten. # wirschaffendas # rapefugees,0,German # Nazi Pack eventually decide.# Folding times serious # resistance.# Traditions # Rapefugees
189,"dachte , # asylbewerber deutschland # kriegsfluchtlinge . tag stehen # algerier , marokkaner afghanen.. # asylanten",0,"Thought, # asylum seeker Germany # War refugees.Day stand # Algerian, Moroccan Afghans .. # asylum"
190,"# sterntv zeigt realitat rente . # asylanten lehnen arbeit ab , 4000 netto verdienen versprochen .",0,"# Sterntv shows realitat pension.# Asylum leaning work off, 4000 net promised."
191,"stimmt , fuhren # scharia . gabe bald # wiederholungstater mehr diebstahl . # srfarena # dsi # handab",1,"True, drove # Sharia.Give # repeat offenders more theft.# SRF Arena # DSI # Handab"
192,"regierung rotkappchenkomplex , futter lieber wolf ( kriminelle # asylanten ) , gromutter ( eigene # volk ) # merkel # cdu",0,"Government Red Skipper Complex, Lining Dear Wolf (Criminals # Asylum), Gromother (own # people) # Merkel # CDU"
193,friedlicher # karneval # islamisierung . lauft # integration . erblassen lander neid .,0,Peaceful # carnival # Islamization.Read # integration.Ejust Lander envy.
194,# zib2 # wolf heute opernballmilde : einzige zeile uber supervorteil # asylanten ...,0,# ZIB 2 # Wolf Today Opera Ball Mild: Single line over Supervoresil # asylum ...
195,"# schweinefleisch fur # fluchtlinge # asylanten . wer saufen kinder vergewaltigen , braucht extra `` '' wurst '' '' ..fuck refugges",1,"# Pork for # flights # asylum.Who rape children, needs extra `` '' sausage '' '' ..fuck Refugges"
196,"# asylpaket2 endlich beschlossene sache , sehen # asylflut eingedammt # fluchtlinge # fluchtlingspolitik # asylanten",0,"# Asylum package 2 finally decided thing, see # asylum flood contained # Refugees # Refugee Policy # Asylum"
197,# islamisierung eigentlich unubersehbar stattfindende islamisierung deutschlands . pegida recht ?,0,# Islamization actually unuitable islamization of Germany.Pegida right?
198,# bereicherung # asylanten ? # sicherheitslage # deutschland katastrophal schlecht ... # asylchaos # abmerkeln,0,# Assembly # asylum?# Security situation # Germany catastrophic bad ... # ASYLCHAOS # Voice
199,# annewill # islamisierung gar schlimm . gerade # unterwerfung gelesen ; - ),0,# Annewill # Islamization even bad.just read # submission;-)
200,asylant verkleidet fasnacht frauen begrabschen gehen . gesellschaftssatire pur ! # fasnacht2016 # satire # asylanten,0,Asylum disguised Fast Night Women walking.Corporate pure!# Fasnacht 2016 # satire # asylum
201,", gemaigte opposition # syrien besteht # fudamentalisten , # gottesstaat # scharia ? # pestcholera",0,", Moderate opposition # Syria exists # Fundamentalists, # God State # Sharia?# Pest Cholera"
202,"kinderfickende , schachtende # rapefugees ! wer kinder- , frauen- , tierrechte verteidigt , darf # gruene # spd # cdu wahlen ! # ltwbw",1,"Children's fucking, batching # Rapefugees!Who defends children, women, animal rights, may # Gruene # SPD # CDU elections!# LTWBW"
203,baden-wurttemberg gibt 's ne extra # asylanten -polizei ! bisher viele anzeigen/straftaten wenig verhaftungen !,0,Baden-Württemberg gives it an extra # asylum-in-police!So far many ads / offenses have little arrests!
204,# asylantenheime # anzunden= # verbrecherisch -aber einziges augenmerk # deutsche # straftater +nicht # krimigranten # rapefugees = # nogo,0,# ASYLANTHANTS # LIGHTS = # criminal -BABER only focus # # # # # # # # # # # Rapefugees = # Nogo
205,"# merkel lat deutschen steuerzahler bluten fur syrien , algerien , marokko , tunesien , etc . bietet mio # asylanten all incl . grandios dumm",0,"# Merkel Lat German taxpayer bleed for Syria, Algeria, Morocco, Tunisia, etc.Offers Mio # asylums All Incl.terrific"
206,wann stoppen # faymann # spo # mikl-leitner # ovp endlich durchwinken weiterschicken # asylanten # wirtschaftsfluchtlingen ?,1,When stopping # Faymann # SPÖ # Mikl-Leitner # ÖVP finally swindle Next Send # Asylum # economic escapes?
207,# scharia # deutschland ? kolner kulturtanzer demnachst handlos ? berufsunfahige fruhrentner ? fragen uber fragen,0,# Sharia # Germany?Kolner Kulturzer Coming soon?Professional league?Questions about questions
208,"aldi verkaufen lachs , morgen ablauft.im # asylanten-heim gabe sowas .",0,"Aldi sell salmon, runs tomorrow. In # Asylum's home Gabe Suchas."
209,kinder schwimmbad '' '' # edathy gefallt ! # rapefugees # kolnbad .,0,Kids swimming pool '' '' # Edathy faded!# Rapefugees # Kolnbad.
210,"linksgrun-versiffte mischpoke berlin wundern , # rapefugees sommer richtig abgehen . deustche madels , ..1/2",1,"Links Green-Vermed Mischpoke Berlin wonders, # Rapefugees summer right away.German Madels, ..1 / 2"
211,"# sophienhof zensiert twitter trends ? blo ansprechen , fur schei problem zukommt # rapefugees",0,"# Sophienhof censored Twitter trends?BLO response, for shit problem is # Rapefugees"
212,# rapefugees koln aktiv . ubergriffe schwimmbad zundorf . sommer kommen # koelnhbf # nolegida,0,# Rapefugees Koln active.Upered swimming pool Zundorf.Summer coming # Koelhbf # Nolegida
213,"fluchten , urlaub . # idomeni # refugeesnotwelcome",0,"Right, vacation.# IDomeni # refugeesnotwelcome"
214,", , denen verlangen , tun , ? # merkel2016 * europaische losung , # asylanten # asyl",0,", Which desire do,?# Merkel2016 * European solution, # asylum # asylum"
215,"schade , heute wahl , wurde namluch direkt afd wahlen . # refugeesnotwelcome # widerstand",0,"Too bad, today choice, Namluch was directly elected AFD.# RefugeesNotWelcome # resistance"
216,# rapefugees laufen langsam warm . kolnerin fluchtling vergewaltigt . # obergrenze # armlange # alaaf # karneval,1,# Rapefugees slowly run warm.Kölnerin refugee raped.# upper limit # armlange # alaaf # carnival
217,# annewill warum gibt europa einheitliche standarts # asylanten uberall selbe leistung bekommen ? einfach ? ? ?,0,# Anne wants Why gives Europe uniform standards # asylum to get the same power everywhere?simple ???
218,stellt lugenpresse eigentl schon uberlegungen munchen nacktbadesaison isar fluchtlinge primaten ? hahahaha # rapefugees,1,Does Logenpresse ownl already consider Munchen Nudebadeseason Isar Escape Primates?Hahahaha # Rapefugees
219,frauen freiwillig fluchtlingen ficken lassen versto menschenwurde . # hungerstreik # rapefugees,1,Women volunteering refugees fucking violating human dignity.# Hunger strike # Rapefugees
220,"90 % # asylanten deshalb d , nirgends welt mehr geld bekommen ! nebenbei islamisieren . # lanz",1,"90% # asylums therefore D, nowhere world get more money!Incidentally, Islamise.# Lanz"
221,sollt nazis taten weniger nazis beurteilen '' '' ... sagte niemand . # appeseament # islamisierung # taqqiya,0,Should Nazis deeds less Nazis judge '' '... nobody said.# appeseenenment # Islamization # Taqqiya
222,"viele menschen # europa furchten # islamisierung , berichtet # hartaberfair . # migranten",0,"Many people # Europe scary # Islamization, reports # Hartaberfair.# Migrants"
223,# deutschland # asylanten # sicherheitsbeamten ausbilden # perspektive fur # syrien schaffen # msc2016 # fluechtlinge,0,# GERMANY # ASYLANTS # Safety Officers Education # Perspective for # Syria # MSC 2016 # Flechtlings
224,"beim # lasttweet aufgefallen , zuerst # refugeesnotwelcome # refugeeswelcome vorgeschlagen . konn ? # followerpower",0,"At # LastWeet noticed, first suggested # RefugeesNotWelcome # RefugeesWelcome proposed.Konn?# FollowerPower"
225,"wer # islamisierung bestreitet , sei trip arabisch dominierte viertel london empfohlen . # hartaberfair",0,Those who deny Islamization is recommended Trip Arabic Dominated London district.# hard but fair
226,wer uberhaupt immer kriminelle # asylanten europa aufnehmen ? # passverfalschung # schleuser,0,Whoever always record criminals # asylums Europe?# passport # lockers
227,# aufschrei # ausgruenden # belastigung # fluchtlingsfrauen # fluchtlingsheimen ? konnt wohl # koelnhbf u # rapefugees ? : '- (,1,"#ufrkwriter # excavate #gasting # escape screws # escapelist,Could Wahl # Koelnhbf U # RAPFEFUGES?: '- ("
228,stadte- gemeindebund erwartet 2 mio # asylanten 2016. zeit fur grenzsoldaten . massenabschiebungen . # merkel amtsenthebung !,0,City community budget expects 2 million # asylums 2016. Time for border soldiers.Mass slides.# Merkel Officer!
229,"frage , warum sehen menschen d millionen muslimischen # migranten gefahr sinne # islamisierung .",0,"Question, why see people d millions of muslim # migrants danger sense # Islamization."
230,"# lanz staune , leidenschaft # islamisierung # deutschland verteidigt ! !",0,"# Lanz is amazed, passion # Islamization # Germany defends!Being!"
231,"langsam nahern # cdu/ # spd-nahen wirtschaftsinstitute seriosen prognosen , wonach # asylanten 50 mrd .  pro jahr kosten .",0,"Slowly Counter # CDU / # SPD Near Business Institutions Serious Forecasts, What # Asylums 50bn.cost per year."
232,# groko-regierung burgerliche mitte schon lange verlassen ! # islamisierung # umerziehung # migrantenstadel # merkelmussweg,0,# GROKO Government Civic Middle for a long time!# Islamization # rewind # migrantenstadl # Merkelmussweg
233,"laufende # islamisierung deutschlands europas macht deutlich , deutschland europa wirklich .",0,"Ongoing # Islamization of Germany in Europe makes it clear, Germany really."
234,"wer , glaubst , finanziert durchfuttern , zelte , bekleidung , armen # rapefugees grenzen ? glaubst zahlen fur irgend ?",0,"Who, believes, financed by spotting, tents, clothing, poor # Rapefuge borders?Do not pay pay for any?"
235,"leute , deutschland hassen immer mehr # fluchtlinge dorthin holen - # asylanten-hasser ?",0,"People, Germany hate more and more # get flights there - # Asylum Hasser?"
236,"# fluechtlinge # gg illegal ! art . 16a # asylanten # eu + sichere drittstaaten . # naherosten , # afrika =",0,"# FLABTSPLESS # GG illegally!Art.16a #sylumants # EF + searching drunk states.# sehortest, # Africa ="
237,"lieber # horst # seehofer , gibt # asylanten , besser # tierasyl aufgehoben ? # sz # faz # zeit # nzz",1,"Dear # Horst # Seehofer, are # asylum, better # Tierasyl canceled?# Sz # FAZ # Time # NZZ"
238,"worauf warten scheiss # fluchtlinge # asylanten eigendlich ? # griechenland = # europa = kriegsland . stop refugges ,",1,"What are Scheiss # Refugees # asylum actually?# Greece = # Europe = warland.Stop Refuggage,"
239,# merkel co erwarten 500000 # fluchtlinge 2016 ! 2015 anfang 250000 ! # v4 druck . # islamisierung nein,0,# Merkel Co expect 500000 # escape streets 2016!2015 beginning of 250000!# V4 pressure.# Islamization no
240,besser schreckschusswaffe # rapefugees : wasserspritzpistole gefullt schweineblut ^^,1,Better Shot Weapon # Rapefugees: Water Spray Gun Folding Pork Blood ^^
241,"extraunterkunfte fur frauen u christen , # asylanten schutzen.wars net besser separieren ? flieger nachhause",1,"Extra courses for women and Christians, # asylum protect.wars Net better?Flyer home"
242,"# asylanten : # eu # gipfel : # merkel show , millarden d. # turkei anweisen u. visumpflicht gleich abschafft ? !",0,"# Asylum: # EU # Summit: # Merkel Show, billions d.# Turkey instruct u. Discount light abolish the same?Being!"
243,"# annewill bekommen weimarer republik , # islamisierung , siehe # schweden , dt . kultur + geldverschwendung !",0,"# AnneWill get Weimar Republic, # Islamization, see # Sweden, DT.Culture + money waste!"
244,deutschland deutschen . `` `` # fluchtlinge '' '' # illegale # uberfremdung # islamisierung # antigermanismus # widerstand # abmerkeln # remigration !,0,Germany Germans.`` `` # Escape Rods' '' # Illegal # Obstacleung # Islamization # Antigermanism # Resistance # Eveliction # Remigration!
245,# klockner biegt wahrheit zurecht ! dank # merkel millionen # asylanten d. marokkaner . erst gar land lassen,0,# Klockner bends truth!Thanks to # Merkel million # asylum d.Moroccan.first
246,terrorrazzien asylheimen . gibt zusammenhang illegaler einwanderung islamischem terror ? # islamisierung,0,TerraRazzium asylum homes.Is related illegal immigration Islamic terror?# Islamization
247,"lieber # horst # seehofer , # geld # saudiarabia versucht momentan # islamisierung # europas ! # sz # faz # zeit # nzz",0,"Dear # Horst # Seehofer, # Money # SaudiArabia is currently trying # Islamization # Europe!# Sz # FAZ # Time # NZZ"
248,wissen uber 50 % # asylanten ewige langzeitarbeitslose . warum sitzen # illner & # ? ware reprasentativ !,0,Know over 50% # asylum eternal long-term unemployed.Why do # Illner & #?Goods Representative!
249,respekt ! turke zieht deutschland moschee nachsten hoch . gewinnt ! # islamisierung,0,Respect!Turke attracts Germany Mosque next high.Win!# Islamization
250,maas : `` '' kommenden wochen uber zukunft europas entscheiden . '' '' - genau : islamisierung grenze dicht ! # refugeesnotwelcome,0,Maas: `` '' Current weeks of the future of Europe decide.'' '' - exactly: Islamization border tight!# REFUGESNOTWELCOME
251,"schleich . infiltration , massiver migrations # jihad latent linke konditionierung # lugenpresse sorge wegen # islamisierung",0,"Schleich.Infiltration, Massive Migrations # Jihad Latent Left Conditioning # Lug Press Care Because of # Islamization"
252,# silvesternacht # nrw . erste verurteilung ! 6 monate bewahrung fur bereits vorbestraften # asylanten . gutes zeichen .,0,# Silvestern night # NRW.First conviction!6 months probation for already pre-sustained in asylum.good sign .
253,# merkel # turkei . schnell grenzen schlieen frau mehr reinlassen ! # abmerkeln # refugeesnotwelcome,0,# Merkel # Turkey.Fast boundaries Clear woman clean more!# Eveliction # REFUGESNOTWELCOME
254,nachste mal vertecke # rapefugees torte dumme nazi sau # tortalerkrieg,0,Mixture Teke # Rapefuge Tie Stupid Nazi Sau # Tortaler War
255,nordafrikanische single manner not welcome # rapefugees,0,North African Single Manner Not Welcome # Rapefugees
256,schutzend deutsche frauen stellen belastigung # rapefugees . # wasistrechts,0,Protective German women provide loading # Rapefugees.# Hasistrechts
257,"wer zahlt kindern , kompletten unterhalt beim studium , # asylanten ? ! ! # maischberger",0,"Who pays children, complete maintenance while studying, # asylum?Being!Being!# Maischberger"
258,problem nich # asylanten . uninformierten ubergangenen burger . # politik ignoriert 's immer . # bautzen,0,Problem not # asylum.Uninformed ugregenten burger.# Politics ignored 's always.# Bautzen
259,# ard lauft schon # rapefugees propaganda ... . kotzen,1,# ARD Run # Rapefugee Propaganda ....puke
260,"seht profilbild ! glaubt , # rapefugees belehrungen benimmkurse vergewaltigungen abgehalten ?",0,See profile picture!Believes # Rapefugee Teachings Benim Finish Routes?
261,"n24 : mehr polizei , weniger feiernde mehr sexualdelikte # abmerkeln # rapefugees # merkelmussweg # refugees",0,"N24: More police, less celebrating More Sexual Likes # voice # Rapefugees # Merkelussweg # Refugees"
262,"# nohate fur kindergarten schulen gibt gelder , # asylanten bekommen arsch geschoben . gehts ?",0,"# Nohate for kindergarten schools gives funds, # asylum getting ass was pushed.Is it?"
263,regierung alimentiert menschen welt & fordert # islamisierung unsrer heimat ... unsren steuern ! # volksverrater abwahlen ! # afd,1,Government Alimenting People World & Calls # Islamization Unsomselning ... Unsen taxes!# People's mediator off!# AfD
264,make rape legal '' '' findet merkel deshalb flutet land # rapefugees . # abmerkeln # merkelmussweg # merkeldiktatur,1,Make Rape Legal '' '' Find Merkel Flute Country # Rapefugees.# Eveliction # Merkelussweg # Merkelikatur
265,"# hausverbot fur 4 ubergriffigen mob # sophienhof # kiel . na super , ja sicher denen . . ? ? # rapefugees",0,"# House ban for 4 overright mob # Sophienhof # Kiel.well, yes sure those..??# Rapefugees"
266,europaische losung geben . merkel greift strohhalm gibt.. # orban # merkel # cdu # rapefugees # cdu,0,Add European solution.Merkel grabs straw gives .. # Orban # Merkel # CDU # Rapefugees # CDU
267,integration findet kopf statt ! ? bislang eher schwanz ! # koelnhbf # fluechtlinge # rapefugees,1,Integration takes place Head!?So far rather tail!# Koelnhbf # Flechtlings # Rapefugees
268,"neue begriff # asylsuchende mehr mitleid hervorrufen # asylanten , # asylbewerber , # migranten # illegaleeinwanderer ?",0,"New term # Asylum seekers More compassion # Asylum, # asylum seekers, # migrants # illegal immigrants?"
269,eigtl . vielen vogel kameras randale- # asylanten # mazedonien ?,0,Eigd.Many bird cameras randal- # asylum # Macedonia?
270,"mittelmeer fluchtlingsboote haken zuruckschleppen , zerstoren gut . kommt mehr # asylanten",0,"Mediterranean refugee boats hook trail back, destroy well.Comes more # asylum"
271,"zaune unausweichlich , # islamisierung anschl . # jihadh bereits nigeria , indien , thailand , israel , frankr , belgien , uk ... stoppen",0,"Fence inevitable, # Islamization then.# Jihadh already Nigeria, India, Thailand, Israel, Frankr, Belgium, Uk ... Stop"
272,# frankreich macht ja schon grenzkontrollen . wirtschaftliche einbuen ? no . # grenzenzu # festungeuropa # refugees # refugeesnotwelcome,0,# France already makes border controls.Economical losses?No.# Boundaries to # Fortress Europe # Refugee # RefugeesNotWelcome
273,"schwenkt falsche funfziger gabriel richtung , damals pack bezeichnet ! # merkel # asylanten # maybritillner",0,"Swinging false fun gabriel towards, back then pack!# Merkel # asylum # Maybritillner"
274,# scharia konnen # merkel # siggi erst recht durchregieren . # groko,0,# Sharia can # Merkel # Siggi can first go through.# Groko
275,"# tagesschau nennt # levante-dschihadisten , fur # islamischenstaat # scharia # syrien kampfen , `` '' einigermaen gemaigte rebellen '' ''",0,"# Tagesschau calls # Levante-Jihadists, for # Islamic state # Sharia # Syria fighting, `` '' reasonably mated rebels '' ''"
276,"# illner : # cdu lebt falschen land scheint ... 12,5 mio deutsche arm ( 2016 ) . geld fur # asylanten gibt 's dicke .",0,# Illner: # CDU lives false country seems ... 12.5 million German Arm (2016).Money for # asylum are fat.
277,# pegida habt maulwurf handabhacken fur diebstahl # scharia erschieen illegalem grenzubertritt # afd,0,# Pegida have mole hand hacking for theft # Sharia appeared illegal border crossing # AfD
278,sloterdijk schon gesagt ? gibt moralische pflicht selbstzerstorung . # islamicstate # islamisierung # fluechtlingskrise,0,Sloterdijk already said?Gives moral duty self-destruction.# Islamicstate # Islamization # Flechtling Crisis
279,# zdfzoom # fluchtlinge # asylanten reportage fur interessierte ! 1000 dank frau # knobel-ulrich u zdf,0,# ZDFZoom # flights # asylum reporting for interested!1000 Thanks to Woman # Knobel-Ulrich U ZDF
280,wunscht schlagkraftige burgerwehr fur # sophienhof . politik versagt ganzer linie . # rapefugees # abmerkeln,0,Wishes powerful burger arm for # Sophienhof.Politics fails whole line.# I vote # Rapefugees #
281,unterhaltsam metamorphose v # gutmenschen # besorgteburger beobachten neben schule tochter # asylanten-heim entsteht,0,Entertaining Metamorphosis of # Gotman's # Worried Citizens Watching In addition to school daughter # asylum's home
282,rettet deutsche frau multikuliti wahn # rapefugees,1,Saves German Woman Multikuliti delusion # Rapefugees
283,# rapefugees siedlung ? # hartzundherzlich,1,# Rapefugee settlement?# Hard-hearted
284,"syrische # asylanten hungerstreik gehen , klopapier gelegentlich fehlt ? wer unzufrieden , gehen ! no # refugeeswelcome",0,"Syrian # ASYLANT Hunger strike, Klopapier occasionally missing?Who dissatisfied, go!No # RefugeesWelcome"
285,"weder islamophob rassistisch , kritik islam uben . # kinderbraut # frauenunterdruckung # intoleranz # scharia",0,"Neither Islamophob Racist, Criticism Islam Uben.# Children's bride # women's auflection # intolerance # Sharia"
286,"# sonderrecht fur # radikale , # kriminelle # islamisten installieren ? -nach d # scharia aburteilen ? - # diebstahl : hand ab ? -schnell ruhe karton",0,"# Special right for # radicals, # criminal # Islamists install?-After D # Sharia off?- # Theft: hand off?Quick calm cardboard"
287,zuckerberg schliet kreis . # refugeeswelcome # refugeesnotwelcome,0,Zuckerberg Schliet Kreis.# RefugeesWelcome # RefugeesNotWelcome
288,# nopegida = # isis unterstutzer # scharia befurworter # islam gehort de sympathisanten # gg bruch gutheier # asylindustrie profitierer,0,# NOPEGIDA = # ISIS Supporters # Sharia BeforeDearn # Islam Gehaden DE Sympathisants # GG Break Gutheier # Asylum industry Profiter
289,# asylanten sollen # arbeiten konnen.die # wirtschaft gibt # knowhow # staat bezahlt . sowieso ... .,0,# Asylum should be # working. The # economy gives # KnowHow # state paid.anyway ... .
290,ubrigen klar # rapefugees aka is monkeys absage # rosenmontag herausforderung ansehen . # merkelmussweg ! !,1,Combined clear # Rapefugees aka is monkeys cancellation # Rose Monday Challenge.# Merkelussweg!Being!
291,# asylanten stapeln gr . macht # merkel & # cdu ? ducken ! wort # migranten mehr ! schamen !,0,# Asyllants Staplen Gr.Misses # Weretel & # CDU?Doufts!word # migrants mehr!shoes!
292,"# funfact : # afd wettert # asylanten , erzeugt wahrscheinlich schon # hessen politische fluechtlinge ...",0,"# Fun FACT: # Afd weathered # asylum, probably already produces # Hesse political flueches ..."
293,"# hartaberfair warum # fluechtlinge # migranten behandelt ? # asylanten - mussen zuruck , bleiberecht !",0,"# Hartaberfair Why # FLUECTLIFE # MIGRANTS HOW?# Asylum - must be back, rightway!"
294,"schuler sollen # refugees betten , arabisch denen entschuldigen , kommt ? # refugeesnotwelcome # gutmenschgohome",0,"Students should # Refugee beds, Arabic who apologize, comes?# Refugees Not Welcome # Gutmen Gohome"
295,alleinherrscher # putin sanktionen belegt-diktator # erdogan erpressungswunsche erfullt ! klasse # merkel # asylanten,0,Single ruler # Putin sanctions occupied dictator # Erdogan blacklinked blossom!Class # Merkel # asylum
296,# fluchtlinge # asylanten bzw . # migranten # perverse kleine # kinderficker .,1,# Refugees # asylum or.# Migrants # perverted little # children's fucker.
297,# rtl berichtet uber gewalttatige # asylanten # refugees,0,# RTL reports over violent # asylums # Refugees
298,# cdu kapiert ! europa ausser cdu # merkel # asylanten . sichert aussengrenze eu merkel tot,1,# CDU gets!Europe except CDU # Merkel # asylum.secures outside border EU Merkel dead
299,blanke politische schwachsinn : # sturmwarnung | # rosenmontag # rapefugees | # kriminalitat | # afd kapitulation vollen gange # cdu,0,Blanish political nonsense: # Storm warning |# Rose Monday # Rapefugees |# Criminality |# AfD capitulation full swing # CDU
300,# schweden findet missbrauch v.kindern ok # kinderehen # asylanten unbewiesenen vergewaltigungsvorwurf tolerant # assange,0,# Sweden finds abuse of.Kinder ok # children's asylum asylum unproven rape reproach tolerant # assange
301,"mensch # gabriel , # europa # muslime . # merkel bringt fluch . # illner # asylanten",1,"Human # Gabriel, # Europe # Muslims.# Merkel brings curse.# Iller # asylum"
302,"geld ging fur lunchpakete # rapefugees drauf . find ab u stirb , arbeitslos . bundes- u landesreg . # domian",0,"Money went for packed lunches # Rapefugee on it.Find off and die, unemployed.Federal Landesreg.# Domian"
303,sollen dt . stadte topliste gefahrlichsten welt aufsteigen ? wahlen # altparteien ! # rapefugees & is danken,0,Should dt.Stadt's top list ascend the most dangerous world?Elections # old parties!# Rapefugees & is thank
304,glawischnig # weltfrauentag : `` '' bekampfe kleidungsstuck . '' '' # burka # scharia # islam # isis # diegrunen # menschenrechte # frauenrechte # vdb16,0,Glawischnig # World Women's Day: `` '' Tracking garment.'' '' # Burka # Sharia # Islam # Isis # Siegrunes # Human Rights # Women's Rights # VDB16
305,make rape legal wohl schon athmospharisch vorbereiten vergewaltigungswelle musl . # rapefugees.in gesamter eu tgl . notieren !,1,Make Rape Legal probably already atmosphere preparing Rape wave Musl.# Rapefugees.in entire EU tgl.note !
306,"# klockner wahlen heit 2 mio neue # asylanten , turkei mitglied eu euro , neue # steuern , zensur & sharia.ich . # afd wahlen",0,"# Klockner elections height 2 million new # asylum, Turkey member EU Euro, new # taxes, censorship & sharia.ich.# AfD elections"
307,# cdu deutschen schon aufgegeben . geht darum # asylanten moglichst schnell wahlrecht ubertragen . genug # refugees,0,# CDU Germans already abandoned.If the age of asylums are possible to transfer options.Enough # Refugees
308,wurden # kriminelle # islamistische # migranten gewunschten # scharia # bestrafen -ware schnell ruhe karton,1,were # criminal # Islamist # migrants desired # Sharia # punishable goods fast calm cardboard
309,"# asylanten # deutschland festsetzen , hochstens besuch # verwandten fahren.ich fordere # ruckkehrpflicht . # afd",0,"# Determine asylum # Germany, at most visit # relatives drive. I urge # return obligation.# AfD"
310,"isst abend= # eu gipfel - hast heute schon gnachtmahlt , # angela ? # europa # fluchtlinge # fleuchtlingskrise # asylanten",0,"Eat Evening = # EU Summit - Have Already Gnachtmahlt, # Angela?# Europe # Escape # Fleeping Crisis # asylum"
311,"geplatzte # traume immer besser , geplatztes # kondom . # asylanten",0,"Bursted # dreams always better, burst # condom.# Asylum"
312,"funf # manner devote # frau ! immer # lanz . irgendwie ubel , mu leider abschalten . # lanz # merkel # scharia # kolnhbf",0,"FUNF # MANNER DEVOTE # WOMAN!Always # Lanz.Somehow ubel, unfortunately turn off.# LANZ # Merkel # Sharia # Kolnhbf"
313,wieso nehmen # bergdorfer # asylanten # fluchtlinge ? schulen # dorf gesichert . # bundesasylzentrum # wallis,0,Why take # Bergedorfer # Asylum # refugees?Schools # village secured.# BundaSyl center # Valais
314,"wahler nichtwahler : mussen wehren- wahlt afd , uberzeugung , ausnotwehr # rapefugees # madmerkel # annewill # lanz",0,"Wahler Non-Wahler: Must Wehren- elements AFD, Operating, Ausnotwehr # Rapefugees # Madmerkel # AnneWill # Lanz"
315,"# hoaxmap , # rapefugees vergewaltigen manchmal niemand",1,"# Hoaxmap, # Rapefugees sometimes nobody rape"
316,allianz fur weltoffenheit heutige motto # islamisierung skampagne.tgl.+weltweit wurde m. namen islams missachtet !,0,"Alliance for cosmopolitan today's motto # Islamization campaign.tgl. + Worldwide, m. Name Islam's disregarded!"
317,"wer fur # taterschutz , # islamisierung abschaffung # deutschland ( s ) , wahlt # grune , # linke , # spd , # cdu . wer , wahlt # afd .",0,"Who for # tader protection, # Islamization abolition # Germany), chooses # green, # left, # SPD, # CDU.Who, elements # AfD."
318,"beachtlich , wieviel gutmenschen einst mittlerweile hosen gestrichen vollgeschissen angst # rapefugees # spielfeld",1,"Notable, how much good people once meanwhile pants deleted fully shits fear # Rapefugees # playing field"
319,"# afd nachsten jahren uber 25 % kommen , warum ? # asylanten zeigen freundlich wirklich ! # afd",0,"# Afd coming next years over 25%, why?# Asylum really show friendly!# AfD"
320,eu stellt 16 300mio fur # invasoren bereit ! wer wohl bezahlen ? # refugeesnotwelcome # fluechtlinge # pegida # afd # cdu # merkelmussweg,0,EU provides 16 300mio for # invaders!Who pay for?# RefugeesNotWelcome # Flechtlings # Pegida # AfD # CDU # Merkelussweg
321,# refugeeswelcome brullern tagliche # kriminalitat `` '' # fluchtlinge '' '' wohl egal wahrhaben . # afd # islamisierung,0,# Refugeeswelcome brighers seashore # Criminalitat `` '' '# escape' '' 'probably no matter.# Afd # Islamization
322,"ubrigens , dinge sehe , einfuhrung # scharia # deutschland eigentlich frage zeit ... # fluchtlinge",0,"By the way, things see, introduce # Sharia # Germany actually question time ... # refugees"
323,"nein # multikulti , nein # islamisierung , nein # merkel # vertrauensfrage",0,"No # Multikulti, No # Islamization, No # Merkel # Confidence question"
324,"# kiel : # asylkult folgen , bald # einkaufszentrum , lieber # spd - wahler sonstiger # traumtanzer # rapefugees",0,"# Kiel: # Asylum Follow, Soon # Shopping Center, Dear # SPD - Wahler Other # Dream Tantizer # Rapefugees"
325,"ja einwanderung z.b . amerika , australien , ostasien . nein # uberfremdung # islamisierung .",0,"Yes immigration e.g.America, Australia, East Asia.No # Islamization."
326,geschichte merkel-regime genauso zerstorerisch fur europa bewerten ns-regime # abmerkeln # islamisierung,0,History Merkel regimes just as destructive for Europe evaluate Nazi regime # Eveliction # Islamization
327,viele # gebetsraume fur # christen wurden # islam- # fanatiker # deutschland zerstort ? # trummerfrau # asylanten # burgerwehr,0,Many # prayer room for # Christians were # Islam- # Fanatic # Germany destroyed?# Umbarrasswoman # asylum # Burgerwehr
328,# heute-journal : un ehrt # merkel fur # asylpolitik . 1 beitrag spater : suche kriminellen # asylanten . 107 manner gesucht . danke # cdu,0,# Today journal: un honors # Merkel for # asylum policy.1 contribution Father: Search criminals # asylum.107 Manner wanted.Thank you # CDU
329,"bekommen # asylanten aufgedruckt , bekommen # ttip vorgesetzt , mussen ubelste moderne propaganda medien ertragen . weit ?",0,"Getting # Asylum Printed, Getting # Ttip Defined Must Ubst Modern Propaganda Media.far ?"
330,wer bewaffnete grenzer ? # borispalmer # grune # afd halt recht ! # grunejugend kotzt ! # refugeesnotwelcome,0,Work armed border?# Borispalms #rrunt # afd Keep right!#runge youth is checked!# Refugenesnotwelcome
331,"schleichende # islamisierung `` '' rucksicht '' '' schweinefl . nachstes ? frauen , unglaubige verbannen ? # schweinefleischpflicht sinnvoll",1,"Creeping # Islamization `` '' Rucksicht '' '' porkfl.Nesting?Women, incredible ban?# Pork liability meaningful"
332,"hort widerliche kommentare uber # fluchtlinge # asylanten , reicht !",0,"Hort disgusting comments about # Refugees # asylum, enough!"
333,360 % mehr sexuelle ubergriffe # karneval vorjahr . # rapefugees # refugeesnotwelcome # grenzendicht # abmerkeln,0,360% more sexual attacks # carnival previous year.# Rapefugees # Refugees Not Welcome # Limits Descal # voice
334,"frau # merkelmussweg deutschland eu immer mehr isoliert , dank # asylanten politik , , nachste gipfel erfolglos",0,"Woman # Merkelussweg Germany EU more and more isolated, thanks to # asylum politics,, the next peak unsuccessful"
335,# osterreich macht richtig . # fluchtlingsobergrenze # refugees # refugeesnotwelcome # refugeesgohome # merkelmussweg # cdu,0,# Austria is right.# Refugee Core # Refugee # RefugeesNotWelcome # RefugeesGohome # Merkelussweg # CDU
336,"bahnstrecke ( s2 ) erding- > munchen wurde vorhin gesperrt , # asylanten meinten , mussen gleise entlang munchen laufen .",0,"Railway (S2) Erding-> Munchen was locked earlier, # asylum said, have to walk along Munchen."
337,fakt de lauft definitiv falsch ! # illner # edathy # islamisierung,0,Fact DE runs definitely wrong!# Iller # Edathy # Islamization
338,"antisemitismus gesamten arabischen raum verbreitet , praktisch salonfahig.warum sowas thematisiert ? # islamisierung # asyl",0,"Anti-Semitism spread overall Arabic space, practically Salony.Warl That thematize?# Islamization # asylum"
339,etwa 10 prozent bevolkerung # syrien christen verschiedener konfessionen ; 1920 30 prozent . '' '' # islamisierung,0,about 10 percent population # Syria Christians of different denominations;1920 30 percent.'' '# Islamization
340,"# regierung # merkel betreibt verlogene migrationspolitik vs eigene bevolkerung , # islamisierung beschleunigt ! # abmerkeln",0,"# Government # Merkel operates migration migration policy vs own population, # Islamization accelerated!# Eveliction"
341,# erdogan jakarta : `` '' islam islam islam '' '' . # europa fur # islamisierung 6 mrd  zahlen . g antwort : ablehnen ! ? ?,0,# Erdogan Jakarta: `` '' Islam Islam Islam '' ''.# Europe for # Islamization 6bn numbers.G Answer: Reject!??
342,"# arschloch ochsner redet # scharia schon , waffenexporte # ruag saudi arabien exportieren . salzmann unterstutzt . # srfarena",0,# asshole ochsner speaks # Sharia already export weapons exports # RUAG Saudi Arabia.Supported Salzmann.# Srfarena
343,"# fluchtlinge & # asylanten gibt angeblich terroristen , sollen fachkrafte , arzte & ingenieure .",0,"# Refugees and # asylum allegedly gives terrorists, should specialists, doctors & engineers."
344,brauchen dringend wahlbeobachter ! # ltwrlp # ltwrp # ltwbw # merkel # afd # cdu # csu # spd # malu2016 # laschet # rapefugees # krimigranten,0,Need urgent election observers!# LTWRLP # LTWRP # LTWBW # Merkel # AfD # CDU # CSU # SPD # Malu2016 # Lashing # Rapefugees # Crime Grants
345,ja asylobergrenze ! # asylpolitik # asylanten,0,Yes asylum upper limit!# Asylum policy # asylum
346,muslimische # invasion ! # asylschmarotzer # krimigranten # rapefugees ! ! !,1,Muslimische # invasion!# Asylschmarotzer # The Crimigrant # Rapfuges!!!
347,schutz suchende # fluchtlinge europa # radikale # islamisten- # krimigranten- # rapefugees entpuppen -in # gefangenenlager stecken,1,Protection Seekers # Escape Mountains Europe # Radical # Islamist # Crimigrant # Rapefugees Dippers -in # Prisoner Stick
348,# islamisierung findet statt . # lt,0,# Islamization takes place.# LT
349,# rosenmontag mainz nordafrikadusseldorf abgesagt . # rapefugees tun .,1,# Rose Monday Mainz North Africa Dusseldorf canceled.# Rapefugees do.
350,"`` '' gute '' '' fratze kapitalismus , # maischberger 600m2 groes mausoleum fur gebaut . warum # rapefugees schenken ?",0,"`` '' Good '' '' Beauty Capitalism, # Maischberger 600m2 Groese Mausoleum for built.Why # Give Rapefugees?"
351,# sachsen # asylanten . # tillich + # gabriel hetzt uber eigene landsleute . politikdarsteller beschamend,0,# Saxony # asylum.# Tilich + # Gabriel gets on your own compatriots.Politician
352,"darf , # esskultur offentlichen einrichtungen # islamisierung opfern sollen ! # schweinefleisch",0,May # Culture Public Institutions # Islamization Sacrifice!# pork meat
353,"puh , bloss gluck gehabt , 30 # rapefugees # kiel madchen verfolgt bus blockiert . gerade mal gut gegangen !",1,"Phew, blossom gluck, 30 # Rapefugees # Kiel Madchen is pursuing bus blocked.Just went well!"
354,# fluchtlinge # clausnitz filmten handys & provozierten stinkefingern . # clausnitz2002 # sachsen # fluchtlingskrise # asylanten,0,# Refugees # Clausnitz filmed mobile phones & provoked stinking fingers.# Clausnitz 2002 # Saxony # Refugee Crisis # Asylum
355,# muttikulti - mutti merkel verschuldete eskalation multikulti-problems einladen # rapefugees # krimigranten .,0,# MOMTICULTI - MUTTI Merkel indebted escalation multicultural problem invite # Rapefugees # Crimigrant.
356,# refugeesnotwelcome boykottiert # bild # gutmenschen,1,# RefugeesNotWelcome boycotted # Image # Gotman
357,"kinder schwimmbad unbeaufsichtig lassen , eltern vergessen , frei rumlaufende # rapefugees unwesen treiben. # abmerkeln",1,"Keep children's swimming pool unattended, forgot parents, freely drive freely running # Rapefugees.# Eveliction"
358,taglich gibt # deutschland # vergewaltigungen kindern dreckigen # fluchtlingen # asylanten . schande fuck you # refugges,1,Daily # Germany # Rapes Children Dirty # escape lots # asylum.Shame Fuck You # Refuggages
359,# mindestlohn wegen # asylanten teilweise ausgesetzt . # fluchtlinge,0,# Minimum wage because of # asylum partially exposed.# refugees
360,"# gutmensch ! seid geschockt ? stehe flughafen winke abreisenden abgelehnt . # asylanten , wunsche guten flug .",0,"# good fun!Be shocked?Standing Airport Winken destroyed.# Asylum, wishful of good flight."
361,# hoaxmap lieber # opfern # frauen # vergewaltigungen # fluchtlingen # asylanten helfen . opferschutz ; ),0,# Hoaxmap Dear # victims # women # rape # escape lots # helps asylum.victim protection;)
362,"frauen u christen bekommen extraunterkunfte , # asylanten schutzen.u wer schutzt deutschen rausgekommen ?",1,"Women and Christians get extra surveys, # protect asylums. And who protects Germans out?"
363,"menschen doll hassen , sterben sehen mochte ? # asylanten # afd # noafd # nonazis # sachsenanhalt # menschistmensch",0,"People doll hate, see dying?# ASYLANT # AFD # NOFD # NONAZIS # Saxony Anhalt # Humanistmen"
364,grenze # mazedonien versuchen tausende # asylanten gewalt # deutschland durchzubrechen fast manner,0,Border # Macedonia Try Thousands # ASYLANT violence # Germany break through almost manner
365,"sturm sicht , rechtfertigt umzuge # rosenmontag abzusagen . vermutlich `` '' sturm '' '' nordafrika grund . # afd # rapefugees",0,"Storm point of view, justifies wrapped # Rose Monday.Probably `` '' Storm '' '' North Africa Reason.# Afd # Rapefugees"
366,beschutze deutsche frauen teilzeit # rapefugees .,0,Protecting German women part time # Rapefugees.
367,kalte schlechtes wetter winter versto menschenwurde . # hungerstreik # rapefugees,0,Cold bad weather winter violation human dignity.# Hunger strike # Rapefugees
368,fr teile # invasoren lagers # calais geraumt / gr invasorenlager # idomeni raumen . besser spat nie . # rapefugees # invasion,0,FROGES # INVASERArs LAGERS # CALAISH GOABUMT / GRATSORES WAITS # Idomenri Spaces.Need better spaces.# rapefugees # invasion
369,"wurden deutsche soldaten decken # asylanten verteilen , konnten helfen eu aussengrenze bewachen ! # merkel rafft",0,"If German soldiers have been covered by asylum, could help to guard EU outside boundary!# Merkel rafft"
370,"sabatina james # lanz , sicher mutig # deutschland # scharia-probleme losen ? # opfersindopfer",0,"Sabatina James # Lanz, sure courageous # Germany # Sharia problems loose?# sacrificial victim"
371,statt # hoax liste bestatigten sexuellen ubergriffen # rapefugees.das ware wirkliche transparenz fur bevolkerung ! # abmerkeln,1,instead of # Hoax list confirmed sexual assaults # Rapefugees.The true real transparency for population!# Eveliction
372,"ubrigens , berliner staatsanwaltschaft besseres tun ( # kriminalitat v. # asylanten ) , wg . 1/2g meth durchzudrehen ? ! # beck",0,"By the way, Berlin prosecutors do better (# crime of. # Asylum), WG.1 / 2G Meth to turn through?Being!# Beck"
373,"falls # merkel # eu- # turkei gesprach `` '' # fluchtlinge '' '' `` '' erfolg '' '' , verkaufen medien # islamisierung wohl `` '' bereicherung '' '' . # afd",0,"If # Merkel # EU Turkey conversation `` '' # Refugees' '' '`' 'Success'' '', sell media # Islamization probably` `'enrichment' '' '.# AfD"
374,# maischberger kosten zuwanderung gehoren gesellschaftl . kosten fatalen # islamisierung sbeschleunigung jihad !,0,# Maischberg costs immigration include social.Fatal # Islamization Acceleration Jihad!
375,"familie , freunde & bekannte bewegen kommenden wahlen national wahlen ! # merkelmussweg # parteienblockmussweg # islamisierung",0,"Family, friends & famous moving elections National Elections!# Merkelussweg # Party blockmussweg # Islamization"
376,"# tunesien warten hunderttausende # asylanten ubersetzen italien , sizilien # mitteleuropa weiterzureisen .",0,"# Tunisia is waiting for hundreds of thousands of thousands of asylums. See Italy, Sicily # Central Europe."
377,schnauze voll # asylanten geschwafel . # gutmenschen # fresse,0,Serrate full of healthy cruises.# Gotman's # free
378,"islam bank , islam partei.ausbau islamischer infrastruktur politik idioten reden immer `` '' angeblicher '' '' # islamisierung",1,"Islam Bank, Islam Party. Expansion of Islamic Infrastructure Politics Idiots always talk`` '' Alleged '' '' # Islamization"
379,"schande fur deutschland , hashtag # rapefugees gibt wahrend make rape legal gibt ! # allhumansmatter ! # allbeingsmatter !",0,"Shame for Germany, Hashtag # Refugees gives during make Rape Legal!# All-Humansmatter!# Allbeysmatter!"
380,"# rapefugees # refugeeswelcome burger bewaffnet , fachkrafte tun . zogern , einzusetzen . better he than me",1,"# Rapefugees # Refugeeswelcome burger armed, do professionals.Zogern, use.Better He Than Me"
381,"sicher gibt plane # merkel # klockner # spd , deutschen 13.3. wahlrecht nehmen # asylanten geben",0,"Safe gives planes # Merkel # Klockner # SPD, German 13.3.Change rights # give asylum"
382,zahle christlichen land monat ne menge kirchensteuer.wofur ? immer mehr muezzin-rufe hore ! # asyl # islamisierung,0,Pay Christian Country Month New Crowd Church Tax.wofur?More and more Muezzin calls HORE!# asylum # Islamization
383,"raum stille '' '' tu dortmund zeigt kleinen , absehbarer zukunft ganz deutschland ergehen . # islamisierung",0,"Space Silence '' '' Tu Dortmund shows small, foreseeable future all Germany.# Islamization"
384,# illner bartsch weiss schon mehr . jemen kommt nachste fluchtlingswelle . hilfe # islamisierung uberall !,0,# Illner bartsch knows more.Yemen comes next refugee wave.Help # Islamization everywhere!
385,# kretschmann # gruene # maas # spd pistorius # spd eigenen landsleute vorverurteilen +beschuldigen+jetzt schweigen # handgranate # asylanten,0,# Kretschmann # Gruene # Maas # SPD Pistorius # SPD own compatriots Prelude + Accuse + NOW NOW # Hand grenade # Asylum
386,gibt # rapefugees,0,gives # Rapefugees
387,# fakt # ard . 90 jahriger taxifahrt verweigert . # asylanten egal weit kutschiert ! hasse # merkel mittlerweile !,0,# Fact # ARD.90 year old taxi ride refused.# Asylum no matter wise!Hasse # Merkel now!
388,mussen fluchtursachen bekampfen '' '' richtig ! dampft endlich opulenten leistungen fur anerkannte # asylanten !,0,have to fight escape causes '' '' right!Steams finite opulent services for recognized # asylum!
389,woher kommen uberhaupt # migranten # griechenland ? sicherlich # syrer . # pakistan ? # indien ? # rapefugees # paki,0,Where do you get around? Migrants # Greece?Surely # Syrians.# Pakistan?# India ?# Rapefugees # Paki
390,"wer grenzenlose unkontrollierte zuwanderung , # islamisierung , sicherheitseinbuen & # kuscheljustiz # migrantenbonus , wahlt # afd",1,"Who boundless uncontrolled immigration, # Islamization, safety buildings & # cuddly judiciary # migrant bonus, elements # AfD"
391,"# merkel geschichte eingehen kanzlerin , burgerkrieg d schurte , # islamisierung d beschleunigte+sozialsysteme ruinierte ! !",0,"# Merkel History Join Chancellor, Burger War D Schurte, # Islamization D accelerated + social systems ruined!Being!"
392,# asylanten wirtschaftsverbande stehen merkel-klar-pro jahr+1 mio konsumenten.arbeit billig.die kasse klingelt . bezahlung garantiert,0,# Asylum business associations are Merkel-clear-per year + 1 million consumers. Work cheap.The cash register rings.Payment guaranteed
393,"# fluchtlinge &   # asylanten perverse # kinderschander tag # deutschland , skrupelos # frauen & # kinder vergewaltigen .",1,"# Refugees and # asylum perverted # Children's trademarks Tag # Germany, unscrupulous # women & # children rape."
394,"nein ! klare aussage , bedarf weder erklarung begrundung ! # rapefugees # koln # hamburg # kiel",0,"no !Clear statement, requires neither explanation of fundamental!# Rapefugees # Koln # Hamburg # Kiel"
395,visafreiheit # turkei bringt hunderttausende neue # asylanten. # erdogan zerbombt kurdengebiete d fliehen. # merkel versagt,0,Visafreitheit # Turkey brings hundreds of thousands of new # asylum.# Erdogan bombs Kurdish areas D escape.# Merkel fails
396,"dt . umfrage fragen , # pegida heit.wie wissen , # islamisierung heit ? deutsche aufwachen !",0,"DT.Survey questions, # Pegida Heit.wie Knowledge, # Islamization Heit?German waking up!"
397,auftritt # asylanten migranten kommt gespielte hysterie sozis . realisieren langsam machtverlust .,0,Performance # asylum migrants plays played hysteria Sozis.Realize slow power loss.
398,gesetzesvorschlag : vasektomie strafe fur vergewaltiger # rapefugees # refugees # vergewaltigung # rape,1,Law Proposal: Vasectomy punishment for rapist # Refugees # Refugees # Rape # Rape
399,# hartaberfair oh mann glaubs einfach nicht.wann wacht d endlich ! vollig isoliert.alle habens kapiert # islamisierung stoppen !,0,# Hartaberfair Oh man just believe not.wann Wacht D finally!completely insulated. All have got # Islamization stop!
400,hallo # hessen ! geht # kommunalwahl stimmt fur # heimat # deutschland # afd # widerstand # fluechtlinge stoppt # merkel # islamisierung,0,Hello # Hessen!goes # municipal election right for # home # Germany # afd # resistance # Flechtlings stops # Merkel # Islamization
401,"nato , militarbundnis , pruft einsatz schlepper . # fluchtlinge # rapefugees # einzelfall # krimigranten # whitegenocide",0,"NATO, military inventory, prompted tug.# Escape # Rapefugees # single case # crimigrant # Whitegenocide"
402,# annewill # merkel schafft ab . labert mist ! # refugees # refugeesnotwelcome # refugeesgohome # merkelmussweg,0,# Annewill # Merkel works ab.Labor's Mist!# Refugees # RefugenesNotwelcome # RefuvenesGohome # desckerlis
403,# rapefugees raus preuen !,1,# Rapefugees rule out!
404,"turkmenen sexuell missbraucht , x-mal minderjahrige madchen # rapefugees sexuell belastigt . # kiel 2016 ! # islam # sophienhof [ 2/2 ]",1,"Turkmen sexually abused, x times minor madchen # Rapefugees sexually damaged.# Kiel 2016!# Islam # Sophienhof [2/2]"
405,"# hjartaberfair # osterreich sozialsysteme # asylanten uberlasten . korrekt , d begreift burgern schadet",0,"# hjartaberfair # Österreich social systems # asylum surveys.Correct, D courses burgers hurts"
406,"# diebstahl , # einbruch , # sexuelle ubergriffe v. # migranten -wird # verschwiegen , # bestraft -bei # scharia diebstahl hand abschlagen",0,"# Theft, # burglary, # sexual attacks of.# Migrants-is # secretive, # punished-in # Sharia theft hand off"
407,# bayern droht imamen : werbung fur # scharia # verfassung 50 000 euro # bugeld . # integrationsgesetz . # csu # fluechtlinge,0,# Bayern threatens in the name: Advertising for # Sharia # Constitution 50 000 Euro # Bugeld.# Integration Act.# CSU # Flechtliefs
408,gute # opfer # krimigranten & # rapefugees zeigen straftaten . wurde # rechten nutzen . tip fur # gutmenschen .,1,Good # victims # Crimigrant & # Rapefugees show offenses.was # good benefit.Tip for # Gotman's.
409,"wer millionen # asylanten , wahlt links . wer # afd . # cdu ? hm , millionen # asylanten gleichzeitig ?",0,"Whoever millions of # asylum, elements left.Who # afd.# CDU?Hm, millions of # asylum at the same time?"
410,"kaum kommen weniger # invasoren uber balkanroute , schon durfen 10 mio # muslime turkei visum rein eu . # islamisierung",0,"Hardly fewer # invaders about Balkan route, even thirst 10 million # Muslim Turkey Visum Rein EU.# Islamization"
411,# fluechtling macht eigentlich araber sache ? # asylanten ! sollen sollen aufnehmen ! ! !,0,# Flechtling actually makes Arab thing?# Asylum!Should be started!Being!Being!
412,"ab heit mehr leben , uberleben ! # koln # kiel # rapefugees",0,"More than life, survive!# Koln # Kiel # Rapefugees"
413,"scheint steigt zahl patriotischer europaer , bock # islamisierung . eigentlich , auer # merkel-deutschland .",0,"Seems to rise number of patriotic Europe, Bock # Islamization.Actually, outside # Merkel-Germany."
414,"bestatigte sexualdelikte # rapefugees brisant siehe vergewaltigungsrate schweden , deswegen lieber # hoax fur honks ! # abmerkeln",1,"Permitted Sexual Likes # Rapefugees Brisant See Rape Rate Sweden, that's why # Hoax for HONKS!# Eveliction"
415,"# is- # sympathisant # darmstadt , # werbe- # video fur # terrormiliz -fur derart gnadenlose # mitburger d.v . gewunschte # scharia anwenden",1,"# Is- # Sympathisant # Darmstadt, # advertising # video for # terrorgiliz -Fur such merciless # Mitburger D.V.How to use Sharia"
416,"immer lustig , # pegida # fremdenfeindlich dargestellt ! fur # linken steinewerfer : pegida # islamisierung !",0,"always funny, # pegida # xenophobically displayed!For # left steinerferfer: Pegida # Islamization!"
417,# asylanten # eu fluten.und sicher # fluchtlinge welt stuck fur stuck ! 60mio. # afd # cdu,0,# Asylum # EU flood. And safe # Refugees world piece for piece!60mio.# Afd # CDU
418,# fasnacht # jahr geht geschichtsbucher - soviele # rapefugees nie : ( gehoren kastriert,1,# Fasnacht # Year is history books - so many # Rapefugees never: (include castrated
419,"wer begriff # rapefugees hetze gleichsetzt , einfach realitat verdrangen bewusst totschweigen ! # solidaritatmitkolja",1,"Who's term # Rapefugee equivalent, simply impregnate realitat deliberately!# Solidaritatmitkolja"
420,"# clausnitz erinnert immer mehr # handgranate u # lageso-toten. # asylanten provozieren , niemand kommt schaden , # besorgtegutmenschen heulen",0,"# Clausnitz is always reminiscent of # hand grenade u # Lageso-dead.# Provoke asylums, nobody comes damage, # caring gourms howling"
421,"wer # spd # grune wahlt , bekommt # islam # scharia deutschland # islamisten tolerieren minderheiten daher # afd",1,"Who # SPD # Grune elements, gets # Islam # Sharia Germany # Islamists tolerate minorities therefore # AfD"
422,"liebe frau # merkel , aufforderung # asylanten unbegrenzt aufnehmen laufe zeit rachen ... ... nee",0,"Love woman # Merkel, call # asylum unlimited Tilling time throat ... ... Nee"
423,grade hart verdienten kaffee ner tankstelle trinken kamen gut gebaute # asylanten rein kauften bier zigaretten,0,Grade hard earned coffee ner petrol station drink arrived well built # asylum pure bought beer cigarettes
424,****w i d e r s t a n d g e g e n i s l a m i s i e r u n g**** # bautzen # clausnitz # rapefugees # cologne # koelnhbf # germany # noislam # sos,0,****w i d e r s t a n d g e g e n i s l a m i s i e r u n g**** # bautzen # clausnitz # rapefugees # cologne # koelnhbf # germany # noislam # sos
425,"wurden # gutmenschen sagen , christen/europaer massenweise arabien einwandern wurden ? # islamisierung",1,"Have # Gorgeben say, Christians / Europe's Mass Arabia have been immigrating?# Islamization"
426,# koelnhbf gab opferbashing # clausnitz gibt mitleid # clausnitz2002 + schone wohnungen fur # asylanten . # deutschland,0,# Cologne Hbf gave victim bashing # Clausnitz gives compassion # Clausnitz 2002 + beautiful apartments for # asylum.# Germany
427,eu-kommission wertet # asylanten- # obergrenzen osterreichs illegal . # spo- # ovp-bundesregierung ignoriert eu-recht . # amtsmibrauch ?,0,EU Commission evaluates asylum asylum Österreich's illegal.# Spo- # OVP federal government ignores EU law.# Official substitution?
428,"dt . # bevolkerung arbeitet fur musl.migr. , dt . # wirtschaft druck reallohne aufrechterhalten kann. # islamisierung akzeptiert !",0,"DT.# Population works for Musl.migr., Dt.# Economy pressure can be maintained.# Islamization accepted!"
429,"gester 2 # asylanten begegnet beide voll oben , kamen # afghanistan saufen scheinbar taglich langeweile # fluechtlinge",0,"Gesture 2 # Asylum encounters both full up, came # afghanistan seemingly daily boredom # Flechtlings"
430,garantiere dauer # wohnortpflicht fur # asylanten deutschland vorschreiben.volliger unsinn kosmetik. # afd,0,Guaranteed duration # Living course for # Asylum Germany prescribed. Valley nonsense cosmetics.# AfD
431,tranengas fluchtlinge # imzentrum benutzt dank # rapefugees - gibt 's unterschied - benehmen,0,Teargas refugees # in the center used thanks to # Rapefugees - there is a difference
432,deutschland kostet betreuung unbegleiteten minderjahrigen # asylanten je bundesland 40- 60.000 jahr # ltwbw16,0,"Germany costs supervision unaccompanied less-pensioned # asylums per federal state 40- 60,000 year # LTWBW16"
433,"1.000.000 einheimischen , osterreich armutsgrenze leben , durfen integration # asylanten geopfert .",0,"1,000,000 locals, Austria Poverty border Life, thirst for integration # asylum sacrificed."
434,"tussi voll naiv . nimmt sudlandische manner auto uber grenze , wundert illegale # asylanten . # domian",0,"Tussi full naive.Takes southern men's car across border, wonder illegal # asylum.# Domian"
435,# cdu mindestlohn fur # asylanten aussetzen . nehmen asylanten deutschen arbeit billig ! # afd wahlen . # merkelmussweg,0,# CDU minimum wage for # expose asylum.Take asylum of German work cheap!# AfD elections.# Merkelussweg
436,"# asylanten # sonntagsstammtisch # stuckl : `` '' mussen schaffen '' '' . frage : warum schaffen ? ! islamisierung # brd , ? !",1,"# Asylum # Sundays Stammtisch # stucco: `` '' Make '' '' '.Question: Why do you create?Being!Islamization # FRD ,?Being!"
437,"ahaa , # fluchtlinge potentielles # risiko fur # wirtschaft ( neben # brexit ) # eudssr # brddr # rapefugees",0,"AHAA, # Refugees Potential # Risk for # Economy (Next # Brexit) # Eudssr # Brddr # Rapefugees"
438,# merkel plan b sagt # annewill . vielleicht ware plan b endlich mal realpolitik fragen # asylanten # fluchtlinge,0,# Merkel Plan B says # AnneWill.Maybe goods plan B finally real policy questions # Asylum # escape
439,eu # grune europa # asylanten fluten steuerzahler ausbluten lassen . partei gehort verboten !,0,EU # green europe # asylum flood taxpayer bleed.Party is banned!
440,"fuball faschisten '' '' # regierung fur idioten.kritiker # islamisierung nazis diffamieren , linksfaschismus",0,"Football fascists '' '' # Government for idiots.Kriki # Islamization Nazis defamation, Left Facilities"
441,"anstatt milliarden # armut # deutschland einsetzt , steckt lieber # asylanten d.turkei geld arsch ! ?",0,"Instead of billions of # poverty # Germany uses, rather # asylum d.turkeia money ass!?"
442,"schuldige fluchtlingsdrama  konnte endlich identifiziert , russen schuld , sagt merkel ! # asylanten # merkel # brd",0,"Guilty escape lady could finally identified, Russians blame, says Merkel!# Asylum # Merkel # FRG"
443,# fluchtlinge # asylanten # stop # koln # vergewaltigungen # aufschrei # kriminalitat # cdu # spd # merkel # wahl # afd # grenzen # lugenpresse,0,# Refugees # Asylum # Stop # Cologne # Rape # Outcry # Crime # CDU # SPD # Merkel # Choice # AfD # Limits # Lug Press
444,asylpaket 2..alles pseudo vorschlage kommenden wahlen beeinflussen.. # merkel mehr schein ! ! ! # asylanten,0,Asylum Package 2..All Pseudo Promachor Influence Coming Elections .. # Merkel More Schein!Being!Being!# Asylum
445,# sterntv 24.02.16 soeben sofort weggezappt ! lugensendung hoch 10 ! # sachsen wissen tun ! # refugeesnotwelcome,0,# Sterntv 24.02.16 just moved away immediately!Low broadcast high 10!# Saxony know know!# REFUGESNOTWELCOME
446,gibt alternative # afd . # afd einzige alternative ! # fluechtlinge # koelnhbf # islamisierung,0,gives alternative # afd.# Afd only alternative!# Flechtlings # Koelhbf # Islamization
447,"# industrie hofft ja immer # facharbeiter # refugees . ja , hoffnung stirbt zuletzt . # refugeesnotwelcome",0,"# industry is always hoping # skilled worker # Refugees.Yes, hope dies last.# REFUGESNOTWELCOME"
448,# annewill ja kriminalitat # rapefugees naturlich satz behandelt . thema erledigt.kriminalitat ja explodiert !,0,# AnneWill yes crimetate # Rapefugees natural set treated.Theme done.Kriminalitat yes exploded!
449,"altparteien kommt sturm # rosenmontag gerufen . lasst gut vorwand verkaufen , weitere # rapefugees falle gabe . # afd",0,"Old parties comes Storm # Rose Monday called.Leave good pretext, more # Rapefugees false gift.# AfD"
450,"alte schachtel zeigt freundliches gesicht , horden # rapefugees hasslichen gesichter -oder korperteile- zeigen. # kiel",1,"Old box shows friendly face, hordes # Rapefuge Handy faces or body parts.# Kiel"
451,geschichte merkel recht geben '' '' - falsch - geschichte uber merkel richten ! # abferkeln # refugeesnotwelcome,0,History Merkel Give Law '' '' - Wrong - History about Merkel!# Track # RefugeesNotWelcome
452,tater # kieler-mobs bisherige hochststrafe bekommen : # hausverbot ! # kiel # rapefugees # fluchtlinge,0,TATTER # Kieler-MOBS Previous maximum penalty get: # House ban!# Kiel # Rapefugees # refugees
453,# dasduell . # goring-eckardt 1 mio neue # asylanten . # kauder . schwarz grun vormarsch . prost mahlzeit . # afd wirkt,0,# the duel .# Goring-Eckardt 1 million new # asylum.# Kauder.Black grun advance.Prost meal.# Afd works
454,# sexuallkunde fur # fluchtlinge # migranten ... # mama # merkel bringt # asylanten ficken ... # vergewaltigungen funktionieren bereits,1,# Sexualology for # escape # migrants ... # Mama # Merkel brings # asylum fucking ... # Rapes work already
455,zwei dutzend manner '' '' ubliche anzahl fur muslimische rape gangs uber unglaubige schlampen herzufallen. # rapejihad # rotherham # rapefugees,1,Two dozen manners' '' '' Aval number for Muslim Rape gangs over incredible sluts.# Rapejihad # Rotherham # Rapefugees
456,"vorhin jemand gefragt , # islamisierung deutschlands wohl weitergeht ? na , # erdogan # bundeskanzler .",0,"First, someone asks # Islamization Germany's probably going on?Well, # Erdogan # Chancellor."
457,schweizer firmenchefin verlangt # asylanten einstellt . klar 1 schweizer 4000 chf lohn 4 asylanten fur 1k anstellen,0,Swiss corporate code requires # asylum.Clear 1 Swiss 4000 CHF Pay 4 Asylums for 1K
458,# merkel lasst heute # annewill i.d . # ard prasentieren . unwidersprochen darf verfehlte # asylanten-poltik verbreiten .,0,# Merkel leave today # AnneWill I.D.# ARD present.Undite answering may dissipate missed # asylum polys.
459,"finde , europa nie : # refugeesnotwelcome , tanzt dabei reihe merkelt gerade ab .",0,"Find Europe Never: # RefugeesNotWelcome, there is a lot of not dancing."
460,# dieanstalt # fluchtlinge # asylanten benotigen schwimmpass grenzubertritt ... ruckfuhrung ubers # mittelmeer geplant muhaaaa,1,# DIANTSTALT # Escape Games # Asylum Custom Swimming Pass Gren Cancel ... Ruckfuhrung Ubers # Mediterranean planned Muhaaaa
461,regierung griff . gibt hoffentlich denkzettel nachsten wahlen ! # refugees # refugeesnotwelcome # abmerkeln,0,Government grip.Hopefully gives the checkpointest elections!# REFUGE # REFUGEESNOTWELCOME # Voice
462,"gerechte # deutschland ja , # juden , # christen verfolgt . # wirschaffendas # merkel # islamisierung",0,"Just # Germany Yes, # Jews, # Christians pursued.# Traditions # Merkel # Islamization"
463,"# radikaler # imam # danemark ruft z # steinigung v # frauen -was ware , riefen , # imame # europa # scharia # steinigen ?",0,"# Radical # imam # Danemark calls z # stonus v # women -What goods, called, # imame # Europe # Sharia # stone?"
464,problem ? fur moslems schon legal ... # makerapelegal # rapefugees,1,Problem?For Muslims already legally ... # Makerapelegal # Rapefugees
465,"simone # peter seit 7 monaten weit uber 1 mio . # asylanten , keinerlei konzept , zuzug begrenzt . # berlindirekt",0,"Simone # Peter for 7 months far over 1 million.# Asylum, no concept, limited.# Berlindirk"
466,"gespannt # onebillionrising . hoffentlich # rapefugees gesteckt , ordentlich grabschmaterial gibt .",0,"Tense # onbillionrising.Hopefully # Rapefugees set, neat gathering material gives."
467,"# kipping dumm ! # asylanten wohnungen kriegen + verpflegung all incl + taschengeld + krankenkarte fur umme , kommen immer mehr !",0,"# Kipping stupid!# Asylum apartments wars + food all incl + pocket money + hicket for Umme, more and more!"
468,zukunft . # cdu wahler # mea marodieren merkels wunsch mordend u vergewaltigend durchs land # islamisierung findet statt,1,future .# CDU Wahler # Mea Maroding Merkel's desire murdering u rapigningly through the land # Islamization takes place
