text,hs
rt @ spardaxyz : fadli zon mendagri menonaktifkan ahok gubernur dki https : \/\/t.co\/kh5virwpdo,0
rt @ baguscondromowo : melukai aksi rangka memenjarakan ahok ahok gagal pilkada .,0
sylvi : gurbernur kekerasan perempuan ? buktinya ibu2 foto bareng # debatfinalpilkadajkt,0
"ahmad dhani puas debat pilkada , jalan bekasi terungkap https : \/\/t.co\/m3hoppluid\u2026",0
rt @ lisdaulay28 : waspada ktp palsu ... ..kawal pilkada https : \/\/t.co\/oooerqv4sm,0
"@ felixsiauw bnyak agamis yg dibahas , pilkada , tingkat keimanan sebatas pilkada ? ? ? ?",0
@ saidaqil maksud pernyataan . ? mengaminkan kriminalisasi ahok ? ? hati2 jg dg mulutmu ! https : \/\/t.co\/h4odvay0md,0
ahok integrasikan transportasi publik sistem single ticketing\u2026 https : \/\/t.co\/42ph7pqv0b # infotribun,0
"ahok melawan korupsi ibukota , bangun infrastruktur , mencoba memperbaiki trobosan works well .",0
"awasi kecurangan pilkada , agus - sylvi pakai aplikasi https : \/\/t.co\/xwzw4nufiu",0
"gak jokowi ahok ? kalem , melengkapi . : ' )",0
"bos makan istana ga , undang noh makan istana gebang tapinya https : \/\/t.co\/ns6cuycpuj",0
cuti habis ahok gubernur dki ? pengamat : mengada-ada | republika online https : \/\/t.co\/t3kzvq9e4e,0
debat pilkada dki jakarta digelar jumat malam . https : \/\/t.co\/e9ixz6jllr,0
demonstran fpd malteng desak bawaslu hentikan tahapan pilkada maluku,0
"didesak berhentikan ahok ngeles cuti pilkada , kampanye habis kemendagri ragu-ragu https : \/\/t.co\/92ss4trdcx",0
"gila gara2 pilkada , tokoh menampakkan watak aslinya .",0
gontor izinkan santrinya pulang kampung nyoblos pilkada dki | republika online https : \/\/t.co\/jhnot8ecnz,0
"gubernur non-aktif dki jakarta , basuki tjahaja purnama ahok , berencana merombak struktur jabatan pegawai ... https : \/\/t.co\/cdkezxf9xo",0
hebat .. ! ! ! imam masjid istiqlal : kalimat ahok 100 % penistaan agama .. ! ! sebarkan,0
"ibu2 aja , kalo beli telor pake milih2 sblm ditimbang . pdh telor mirip2 . ibu2 , telor yg busuk",0
ahok terkait persiapan debat pilgub besok https : \/\/t.co\/s6rlsar7y9,0
pesan ahok pers nasional # kitapastipernah https : \/\/t.co\/h0l6mrjm3r,0
istighotsah ahok catut logo nu https : \/\/t.co\/u2rpy3c25r,0
ngomong pilih ahok djarot ngerasain banjir ga sih ? : (,0
iya aja deh dripada hoax ...,0
pelacur.belia yg dijual orang tuanya.sendiri pantura.demi sesuap nasi https : \/\/t.co\/x5ddr7m693,0
yg nyebar hoax ketahuan akun twitter nya lho,0
mpok @ sylviana_murni-nya tolong mas @ agusyudhoyono,0
bidara beli mangga . pulang nye liwat slipi . lupa ingetin tetangga . milih agus sylvi . # 7harilagimilihahy # agusbersamaulama,0
serius selipan hiburannya \ud83d\ude06\ud83d\ude06\ud83d\ude06 # pilkadadki2017 # debatfinalpilkadajkt,0
sylvie sukses blunder bikin paslon 1 drop elektabilitasnya fitnah spin salah pilih kader # debatfinalpilkadajkt,0
ahok : mari berlomba program # debatfinalpilkadajkt,0
# debatfinalpilkadajkt aduh ... kecewa paslon 1 ... .,0
rt @ agusdansylvi : # debatfinalpilkadajkt pilih nomor 1 . sektor informal dimajukan mas agus mpok sylvi .,0
rt @ jtmor : ahok pilihan terbaik jakarta,0
rt @ augustfrankto : # debatfinalpilkadajkt bu silvy curhat dimarahi ahok ... hehe..,0
mantap ahok # debatfinalpilkadajkt,0
ahok gagah kaya gatot kaca ! # debatfinalpilkadajkt,0
telaaaakkk nomer satuuuu . nghahahaha # debatfinalpilkadajkt,0
lomba adu program # debatfinalpilkadajkt # skaksilvi,0
# debatfinalpilkadajkt denger program janji tau pas ga dijalankan males aja sih .,0
debat cagub dki 3 - 10 februari 2017 - segmen 3 mantap ahok skak sylviana murni\n\n # debatfinalpilkadajkt,0
silvy rada maksa.. # debatfinalpilkadajkt,0
"tanggal 15 , pas pilkada sy gak milih siapa-siapa ah !",0
"pribadi prefer muslim kapabilitas , lihat kondisinya ahok pilihan plg realistis kemajuan dki",0
"mendukung mas anies anti ahok ,",0
spanduk tolak salatkan pembela penista agama muncul kalibata https : \/\/t.co\/sr1pbytign,0
# debatfinalpilkadajkt telak banget anjir ngakak !,0
ayo berlomba program fitnah2 # debatfinalpilkadajkt,0
rt @ deelestari : nggak ngantuk ! yeay ! # debatfinalpilkadajkt,0
duh dibilang ga program paslon 1 ... kesian kesian kesian ... # debatfinalpilkadajkt,0
"tuntut keadilan penista agama , puluhan jawara betawi ikuti aksi 212 jilid ii https : \/\/t.co\/hwvuozyyov",0
keras nih ahok # debatfinalpilkadajkt,0
paslon 3 anies sandiaga uno 15 feb 2017 utk jakarta indonesia raya ok oce,0
sesuai namanya : ronde final\n\n # debatfinalpilkadajkt,0
"mendagri pusing , ma emoh keluarkan fatwa status gubernur penista agama https : \/\/t.co\/j34amqimni",0
tolong adu program,0
genderang perang kencang # debatfinalpilkadajkt,0
mpok sylvi udah emosi \ud83d\ude02\n # debatfinalpilkadajkt,0
some people gabisa bedain kasar . # debatfinalpilkadajkt,0
beliau pemimpin hebat indonesia ! bangga https : \/\/t.co\/nawbps9xpt https : \/\/t.co\/5cc2u9aiev,0
@ informasidki bu silvy jg pengen foto ahok hihihi # debatfinalpilkadajkt,0
# debatfinalpilkadajkt serang deh,0
rt @ inakinoy : baca biar mendinginkan suasana # debatfinalpilkadajkt https : \/\/t.co\/em9gckc4qe,0
ayo berlomba program jgn pitnah doank.. # debatfinalpilkadajkt # badjapastimenang,0
rt @ qronoz : pokoknya kalo ahok udah ngomong : aduuuuuuh kelar . # debatfinalpilkadajkt,0
senjata makan tuan # debatfinalpilkadajkt # debatfinaldki,0
ahok kekerasan verbal ? koruptor dielus2 # debatfinalpilkadajkt,0
rt @ qronoz : gak program diserang diserang karakternya . ahay ! \ud83d\ude02 # debatfinalpilkadajkt,0
terkait jakarta ramah anak tanggapan @ aniesbaswedan https : \/\/t.co\/ufa55uwbci,0
emang ok oce anies sandi mengatasi urbanisasi lapangan kerja # debatfinalpilkadajkt https : \/\/t.co\/brceczskux,0
suporternya kampungan paslon ngomong jg ... ... # debatfinalpilkadajkt,0
seru ni # debatfinalpilkadajkt,0
# debatfinalpilkadajkt nangis nangis ketonjok,0
rt @ kafyonaa : debat malam pilihanmu jatuh paslon ? # debatfinalpilkadajkt # debat3pilkadadki,0
rt @ magendajuang : wkwkwk udah dah pilih anies sandi aja : ) # debatfinalpilkadajkt https : \/\/t.co\/hmxhjyhbnj,0
fitnah kejam loh pembunuhan # debatfinalpilkadajkt,0
mari # debatsehat . coba pakai # datasesat . # debatfinalpilkadajkt # debatfinaldikompastv,0
"rt @ prastow : apapun , keberanian ahok membongkar mafia anggaran tonggak apbd yg kredibel akuntabel .",0
rt @ sydsalesman : wujud nasional-is-me dagangannya @ pandji ... hebat ! https : \/\/t.co\/0fyig6c2xl,0
dosen keliatan aslinya : (,0
rt @ gabriellaandini : kampanye uda deklarasi anti sara ? ? ? gw pikir no.3 mending no.1,0
# debatfinalpilkadajkt mateng mpok silvy bombardir ahok ... cerdas ahok..,0
# debatfinalpilkadajkt mohon tenang,0
yg no.1 nih ngomongin yg program mulu ya . ngga bhan ya bwt serang lawan.. cape dehh ! # debatfinaldki # debatfinalpilkadajkt,0
cinta ahok pokoknya # debatfinalpilkadajkt,0
# debatfinalpilkadajkt nggak ibu2 pengen foto ahok bapak2 lho,0
mas agus akui malam ... .rambut bagus ! # debatfinalpilkadajkt,0
rt @ republikaonline : ahok janji berani tutup hiburan malam jual narkoba,0
agus-sylvi sisipkan bahasa jawa debat https : \/\/t.co\/fgtfxgainx,0
"rt @ hariadhi : ahok udah perhatikan penyandang disabilitas , jauuuh kandidat berjanji # nobarahokdjarot # badjapastijuara",0
ahok keren ! ! ! # debatfinalpilkadajkt,0
gimana ya tim ahok disudutkan ( ? ) final kali y,0
nih fakta yg asbun . # badjapastimenang # debatfinalpilkadajkt,0
siap-siap meme cctv . # debatfinalpilkadajkt # debat3pilkadadki # debatfinaldki,0
nyinyir tingkat nasional # debatfinalpilkadajkt,0
drama bgt : ( ( # debatfinalpilkadajkt,0
judulnya debat nyerang paslon 2 ? ? ? ? ? ? # debatfinalpilkadajkt,0
lha menyerang gitu ya # debatfinalpilkadajkt,0
debat berantem beda tipis # debatfinalpilkadajkt,0
orang dibilang maki-maki orang -_- # debatfinalpilkadajkt,0
1 2 perempuan berbeda kaum perempuan # debatfinalpilkadajk,0
mantap ok oce anies sandi mengatasi urbanisasi lapangan kerja,0
rt @ wisnudewobroto : ga seru nih . mengungkit : ) . kekerasan verbal lakukan manusia . # debatfinalpilkadajkt,0
perempuan perempuan # debatfinalpilkadajkt,0
# debatfinalpilkadajkt paslon 1 dpt dikategorikan sbg kekerasan debat .,0
@ jokowi maafkan . biarkan malam memposting ujaran kebencian . malam xoxo # debatfinalpilkadajkt,0
semoga allah memenangkan anies-sandi https : \/\/t.co\/sns0rxrw3f,0
# debatfinalpilkadajkt non muslim coblos ahok muslim coblos djarot . ?,0
# debatfinalpilkadajkt *pemimpin ciptakan suasana damai tentram adu domba hasutan,0
presiden kapolri ok oce tuh ? # debatfinalpilkadajkt,0
keliatan banget keberpihakan media # debatfinalpilkadajkt,0
rt @ di_hatikecil : bagus nih ilustrasinya # debatfinalpilkadajkt https : \/\/t.co\/zaqlqrbiuf,0
rt @ rezaoktovian : ahok keren : ' ),0
isinya timeline twitter cm pilkada.. membosankan sekali..,0
mohon tenang mohon tenang # debatfinalpilkadajkt,0
ah diulang . jawabannya beda ? # debatfinalpilkadajkt,0
perasaan deh yg td om @ aniesbaswedan audionya ga ya ? # debatfinalpilkadajkt,0
tinggal pinggir kali tanahnya jualan pinggir jalan,0
rt @ rigenz123 : sehatkan warga dki # jakartaberlari barulah pembangunan sejahterakan warganya . # debatfinalpilkadajkt,0
diputuskan pacar program oke oce solusi nya # debatfinalpilkadajkt,0
melibatkan paham bidangnya duduk memecahkan solusi . kepemimpinan yg cerdas ! # debatfinalpilkadajkt,0
laki-laki mengalami kekerasan verbal . kali dirimu dimarahi istrimu.. ? ayo ngaku .,0
rt @ tirtoid : gerakan-gerakan ala @ aniesbaswedan # periksadata # debatfinalpilkadajkt,0
mayoritas warga jakarta dipimpin gubernur . emang iya ? # debatfinalpilkadajkt,0
paslon 1 nyerang paslon 2 ni # debatfinalpilkadajkt,0
rt @ jktmajubersama : upaya anies-sandi mendukung perempuan pelaku ukm : ) # debatfinalpilkadajkt,0
salah indikator meningkatnya kualitas hidup warga jkt adl tersenyum djarot malam,0
tontonan yg wajib ditunggu sehabis # debatfinalpilkadajkt,0
"rt @ ainouun : ahok : penyandang disabilitas , . # debatfinalpilkadajkt",0
"rt @ tribunjateng : jeda , ahok djarot sapa ganjar pranowo panggung",0
@ boojaee sayang hyung pencitraan : * wkwk,0
"@ kurawa msh inget sm penjual kue balaikota , cm ahok yg tau klo si sakit , langsung diurus rs . pencitraan .",0
biar jajan sejuta https : //t.co/vez5pxxdfr,0
bio gw diganti astagfirullah rusak pencitraan cewe cantik,0
# matanajwadebatjakarta ya ampun udh closing statement msh aja commentnya ky gitu ya,0
hah uda closing statement ? ? cepet bener ? ? # debatfinalpilkadajkt,0
rt @ digembok : # debatfinalpilkadajkt kali keren.biasanya sesi tanya-jawab kali sesi curhat,0
ketiga paslon gagal jawabannya memuji kebaikan paslon,0
mari berjuang sbyudhoyono utk memenangkan # saduddindhani # pilkadakabbekasi2017 # bekasisah # bekasiberjaya,0
"jikapun aparatur dibeli , kyai santri oplosan dibeli . yng asli , melawan ketidakadilan https : //t.co/riloah9gad",0
pasangan unggul debat kandidat gubernur-wagub dki jakarta malam ?,0
"keberagaman dr hati terdalam , dr pencitraan # tetap3 # jktberagam",0
"membangun bangsa negara engga metoda pencitraan , teruji rekam jejak integritas tokohnya",0
"rt @ adelladellaide : bersikap menjaga prilaku pencitraan , `` orang '' .",0
"rt @ fiersabesari : jujur , yg curiga . berbuat , yg menuduh pencitraan . bahagia , yg iri . abaikan .",0
"umat islam yg peduli agama mrk , tdk tergoda dg trik2 konyol , inshaallah umat islam sdh sadar https : //t.co/pfh1mpskfo",0
"# aniesintoleran \nanies baswedan , memiliki integritas kredibilitas pemimpin . https : //t.co/rv053gt4j8",0
@ agusriyadi12345 berita ahok penista agama . penista agama kampanye jakarta pusat .,0
"@ agusriyadi12345 sadis , berita ahok , judulnya diawali degan terdakwa penista agama nama ?",0
"@ altefalken kemarin berita penyakit mengingitis babi , mksd gw nyambungnya ahok ?",0
@ isejunnie @ ahmaddhaniprast artis korea world tour ahmad dhani ?,0
"@ haquemarissa , , ahok jakarta , daging babi bali hubungan nya ya ? ?",0
"ahmad dhani bangkrut ditagih utang video , mantan istrinya janda kaya raya : setahun , https : //t.co/22inrwrr26",0
"ahmad dhani sentil ahok , eh sandiaga uno cengar cengir. ! : https : //t.co/vhdaaa3shi @ youtube",0
hehhee.. mengagumi sesorng berlebihan.. kecuali rasulullah.. https : //t.co/zxvb2dirmg,0
# matanajwadebatjakarta acara uda abis debat sapa betul-betul memaparkan prog solusi ?,0
( koruptor ) meletakkan kitab suci ditempat rendah ... sok pemilik kapling surga ... https : //t.co/oj5yn3wbei,0
rt @ 99ohhani : woww dukungan rakyat palestina ahok yg dituduhsbg penista agama ? ? mrk mengelu2kan ahok ! ! ! ahok is the best https : //t.co/,0
pencitraan socmed boleh-boleh aja . tanggung citra udh dibikin . sampe malu-maluin . kasian .,0
rt @ kompascom : kicauan ahmad dhani dilimpahkan polres metro jakarta selatan . https : //t.co/uj0m7jernn,0
rt @ kv_kahfi : komplit bgt yaaaa ... .. heran nya msh aja yg percaya idolain https : //t.co/pntyranajo,0
rt @ m0th3rb04rd__ : keadilan tercipta si penista agama vonis penjara\n # berjamaahtolakreklamasi,0
"rt @ teddygusnaidi : bro.. yg fatwa penista agama , mui gak mengeluarkan fatwa . https : //t.co/x9uxhqjkca",0
rt @ teddygusnaidi : sidang menguatkan ahok penista agama.. bantah ? ? \nhttps : //t.co/2ksj4snr1t,0
"ahok akademisi , ahmad dhani : intelektual , intelek bang anies https : //t.co/yrzfmmv1lg",0
"yg penista agama sesungguhnya , agama yg suci alat mengejar jabatan ( kekuasaan ) https : //t.co/hkvzipm8zs",0
"kalah pilkada bekasi , ahmad dhani juru kampanye pasangan anies-sandi https : //t.co/oizpn8hynd # nenengyes https : //t.co/fgohkhxwxt",0
# matanajwadebatjakarta bravo closing statement anies malam ini.kalau nggak debat nggak nonton mata najwa sdh tdk suka .,0
"# matanajwadebatjakarta anis bikin pas debat kemarin , `` menarik nyambung ''",0
"# matanajwadebatjakarta buzzer ahok kerja keras nih , .ayo kerja2 tar gajian ga turun",0
# matanajwadebatjakarta kerendahan hati lawan kerendahan hati banget..,0
# matanajwadebatjakarta gaya @ aniesbaswedan kayak sby ya ?,0
"# matanajwadebatjakarta kenyataannya si anis nyaman bgt dgn isu sara , nguntungin anis , pura2 sok bijak pdhl menikmati isu sara ,",0
# matanajwadebatjakarta nyesel liat debat bermutu mencela..,0
# matanajwadebatjakarta.kesimpulan : tdk rela gub seorg anies sy percaya ahok menang . salam 2 jari .,0
@ ibnusungeb ahoker panas dingin ahok kalah debat anis . # matanajwadebatjakarta,0
yg ga backsound penutup mata najwa musisinya judulnya ? # matanajwadebatjakarta,0
"# matanajwadebatjakarta p ahok apapun utk rakyat , p anies tkt dicurangi ... ngerti bedanya..",0
"@ matanajwa mantapppp mata najwa diskusi hidup mendidik , , , berkualitas banding debat yg selenggarakan kpu",0
"@ matanajwa mbak najwa..ayo `` ketengah '' sedikit..jgn kiri , dgn anies cpt2 menyelesaikan kalimat2nya..",0
"ribut-ribut pribumi vs non pribumi ramai beranda , maksudnya ? ...",0
"sedih liat anies , tokoh kagumi ; ' ) # matanajwadebatjakarta",0
sp @ aniesbaswedan bisanya cm serang pribadi @ basuki_btp gak program yg dibanggakan # matanajwadebatjakarta,0
gimana nih om @ pandji gedeg dengerin retorika ga wawasan . gimana udah terlanjur ya . # matanajwadebatjakarta,0
haduhhhh anies.. pendukung didatengin jakarta ? jakarta # matanajwadebatjakarta,0
haha anies pendemo2 dr jawa barat ga ngomen . takut kalah ya haha # matanajwadebatjakarta,0
# matanajwadebatjakarta uno habis 62m istrinya ga marah ya ? mo beli sepatu 300rb aja istri marah2,0
"# matanajwadebatjakarta suka menyerang , perang , . ibadah menyerang orang..",0
"# matanajwadebatjakarta paslon 3 serang membawa2 hal2 yg menyerang , tp paslon 2 tenang menjawabnya",0
"aahhh akuh sedih , akuh org depok ngga jakarta manies jahattttt # matanajwadebatjakarta",0
"# matanajwadebatjakarta saludd utk mata najwa , berbobot perdebatan malam ini..",0
orang bertanggung tindakan . menuai positif . # sidangahok,0
", # sidangahok dugaan penistaan agama dgn terdakwa @ basuki_btp murni isyu pilkada dki jakarta murni islam ? ? ?",0
kejujuran pahala surga . sabar ya basuki # freeahok https : //t.co/nlgbecj4jc,0
orang bertanggung tindakan . menuai positif . # sidangahok,0
"# matanajwadebatjakarta terima kasih pendidikan demokrasi rakyat indonesia , jakarta .",0
"keberagaman dr hati terdalam , dr pencitraan # tetap3 # jktberagam",0
"membangun bangsa negara engga metoda pencitraan , teruji rekam jejak integritas tokohnya",0
keberpihakan badan hukum merusak demokrasi # important # matanajwadebatjakarta,0
"lo menceritakan kalimat2 yg dilontarkan anies @ matanajwa dgn bahasa lo , lo . # matanajwadebatjakarta",0
"liat sosmed , ahok menang telak . sayang , kata-kata manis yg diserap bbrp warga . # matanajwadebatjakarta",0
mah basuki bebas ya ? # freeahok https : //t.co/mw3k0vywef,0
"debat @ matanajwa , ahok keliatan diatas angin ya . kliatan menguasai problem solusi tata kelola jakarta .",0
lihat ahok kayak lihat power rangers merah,0
kesimpulan . ahok spt fokus detail program . anies fokus menjatuhkan lawan # matanajwadebatjakarta,0
"pertunjukan serius gak diganggu , selamat @ aniesbaswedan gagasan nya # matanajwadebatjakarta",0
berpihak ... melayani rakyat sepenuh hati..tuhan kekuasaan.. tuhan mengambil..-ahok # matanajwadebatjakarta,0
ahok blunder pak..dari udah bagus . pertanyaannya komitmen menerima hasil kontestasi . # matanajwadebatjakarta,0
keberpihakan badan hukum merusak demokrasi # important # matanajwadebatjakarta,0
"lo menceritakan kalimat2 yg dilontarkan anies @ matanajwa dgn bahasa lo , lo . # matanajwadebatjakarta",0
"debat @ matanajwa , ahok keliatan diatas angin ya . kliatan menguasai problem solusi tata kelola jakarta .",0
jakarta . selamat berjuang ahok anies ! # matanajwadebatjakarta,0
ahoker debat program ? jlebb.. ko kena uppercut anies kjp . pergubnya blm rubah.. @ roemahdjoeang @ netizentofa @ cepot234,0
rt @ alysap_ : penganut agama dapet hak - ahok # matanajwadebatjakarta,0
"heran ilklan kampanye # ahokdjarot yg terbaru , loh bingung bkn akuang , asiang , aming # iklanahokjahat",0
abis nyoblos streaming video perkembangan pilkada 2017 pake # sisakuotagakhangus @ im3ooredoo kuota ga habis deh,0
muslim diuji negara yg mayoritas islam..semoga smua bersabar menahan utk berbicara kasar sbg balasan,0
jakarta . selamat berjuang ahok anies ! # matanajwadebatjakarta,0
"rt @ grcllafrn : anies , inget , yg kau tabur kau tuai ... takut : '' ) # matanajwadebatjakarta",0
rt @ kompascom : metode penarikan sampel hitung cepat yg litbang kompas dlm pilkada dki jakarta 2017 ? simak,0
"mnding diem aja @ basuki_btp pergerakanmu disalahkan , klo wktunya menang ntar jga menang ... . # iklanahokjahat",0
rt @ netmediatama : perbincangan menarik quick count pilkada 2017 @ irakoesno . # netpilkada https : \/\/t.co\/odbvw4uwmr,0
bersyukur menutup kampanye berdoa pilkada dki jakarta 15 februari 2017 berjalan lancar,0
julia perez kecewa gagal nyoblos pilkada dki 2017 tps 15 rscm https : \/\/t.co\/vajplioiek,0
disediakan ambulans pasien mencoblos pilkada dki 2017,0
rt @ miekarinayam : pilkada 2017 ? kehilangan hak yg dijamin konstitusi ?,0
ya allah ! anis sandi gubernur dki jakarta terpilih,0
domisili gue jakpus bela-belain tps yg berlokasi jakbar dgn bermodal e-ktp ikutan pilkada 2017 .,0
rt @ netmediatama : presiden @ jokowi hak suaranya pilkada dki jakarta 2017 tps 4 gambir jakarta pusat . # netpilkada,0
"rt @ boelatboelat : agree @ basuki_btp kekuasaan tuhan kasih , dijatuhkan , tuhan menaikkan : ) # matanajwadebatjakarta",0
"rt @ azzambarbarossa : akibat nila setitik rusak susu sebelangga , akibat mulut oknum terdidik rusak persatuan bangsa . # iklanahokjahat",0
"mudah-mudahan novel baswedan alami kebutaan matanya . buta , mendonorkan mata .",0
", merubah pemilih ? # iklanahokjahat",0
rt @ hariadhi : yg salah ? ahok ? iklannya ? bukan.. diprotes orang yg benar2 pake spanduk # iklanahokjahat https : //t,0
sampe gue blm ngerti dp rumah 0 % gmn skemanya . trs emg ya perbankan yg ngasih kredit rumah gak pakai dp ? # debatfinalpilkadadki,0
"# debatfinalpilkadadki anies gubernur pemimpin , administratur / pelayan masyarkt . melayani mencerminkan integritas .",0
"kalimat penutup anies ambisius , ahok maaf , karakter bohong . # debatpilkadadki # debatfinalpilkadadki",0
"pertunjukan serius gak diganggu , selamat @ aniesbaswedan gagasan nya # matanajwadebatjakarta",0
"rt @ belaquran : tdk terprovokasi dgn sentimen jualan sara mu , cinta indonesia # iklanahokjahat",0
umat suguhkan # iklanahokjahat menebar kebencian kerukunan umat beragama,0
polling anies - sandi menang . semoga h nya . # aniessandi,0
rt @ anjisudirman : @ fahiraidris yg iklankan kampanye ahox yg sebarin spanduk syariah brosur black campaign . # iklanahokjahat,0
"oke oce brand dimana , oke oce , kampung oke oce # debatfinalpilkadadki",0
"rt @ belaquran : sungguh sgt mengherankan , mengkampanyekan kebhinekaan tp menyebarkan islamophobia , kebhinekaan yg yg ?",0
"debat final pilkada dki jakarta , gagap , - adjat sudradjat",0
"pemimpin dikaitkan lisan , bedanya gubernur anak-anak ? # matanajwadebatjakarta",0
cerita djarot diharapkan pendukung berdamai . # debatfinalpilkadadki # temanahok # aniessandi,0
cuman bilang serius banget ngetweet pakai hastag # iklanahokjahat `` gitu aja baper '' .,0
ira koesno didekati anies-sandi marahi pendukung paslon debat pilkada dki,0
"alhamdulillah ya allah swt semoga jakarta gubernur yg bersahaja , bersahabat utk # aniessandi",0
jelang larut semalam . diskusi aktifis golkar tingkat kelurahan . bergabung pemenangan # aniessandi,0
rt @ alayyubichoir : sosok anies sandi diakui sgt mengayomi . kompeten utk membangun kerukukan & kebhinekaan jakarta,0
rt @ nielchen99 : ngomong manis gampang giliran kerja bingung # matanajwadebatjakarta,0
19 april warga jakarta menentukan ibukota,0
"rt @ maharanisinta70 : terimakasih anies pemaparantentang dp 0 , solusi warga jakarta rumah nyewa .",0
"perhatikan , tim mas @ aniesbaswedan sibuk ngoceh @ basuki_btp programnya . gak ngurus ?",0
"kalo pilih gubernur yg jujur , kerja nyata , anti korupsi , , pinter , mlyani rakyat iklas & peduli pilih ahok djarot , ..",0
rt @ anies_sandi : merangkul menegakkan hukum . kepemimpinan hadir contoh & perbuatan - @ aniesbaswedan,0
"hasil kerja ahok djarot sungai jakarta normal , bersih enak dipandang",0
"ahok & anies baiknya , bagusnya , okenya . yg kepilih yg menang rakyat jakarta",0
"semoga basuki presiden , indonesia maju .",0
"allah swt tdk butuh . butuh allah , rezeki , hidup matimu . allah yg tentukan . khianati allah ? gak nyesel ? # sidangahok",0
# sidangahok dilanjutkan rekaman memuat kampanye ahok dpp nasdem pulau seribu . | @ adrieedu https : //t.co/8p5p4ducfg,0
rt @ januromank2626 : ahok bebas hukum keadilan kelanjutan perbaikan dki . semoga hakim mmpunyai sense of justice,0
pembangkit listrik tenaga panas bumi terbesar dunia.. # citipeka # sidangahok # tebak2anhajidjarot https : //t.co/ktxdxzsh8h,0
"rt @ findririn : toleransi , muslim menjalankan perintah agamanya , non muslim menjalankan agamanya .",0
"rt @ findririn : teman setia , dihindari jd pemimpin",0
kejujuran pahala dr surga # freeahok,0
mah basuki bebas ya ? # freeahok https : //t.co/mw3k0vywef,0
"rt @ ruridajihandari : sidang drama korea sampe 20kali , menunggu sidang ahok season 2 nih ... kayaknya goblin mah kalah pamornya",0
", transportasi online manakah `` tarif murah , aman & nyaman '' melayani ? ? ?",0
nelayan jakarta disiapin pulau khusus pemda dki # lunchbreak # sidangahok,0
adakah potensi radikalisme pilgub dki jakarta ? # lunchbreak # sidangahok,0
"rt @ novenstjk : siaran ulang # ahokdjarotdirosi malam , saksikan yuk @ kompastv # ahokdjarot # temanahok",0
"org '' yg salah yg takut dgn doa , salah ? ? takut ? ? ? bertobatlah doa dinyatakan ,",0
selamat pagi met aktifitas happy weekend semoga orang jujur biar hidup slalu mujur aamiin # freeahok,0
"ahok dituntut 1 penjara . divonis bebas . , warga dki terlanjur kehilangan pemimpin terbaik . # freeahok",0
alhamdulillah tuntutan jaksa 1 percobaan 2 yg sbnrnya jaksa mengakui kalo ahok bersalah # freeahok,0
kalah menang # tetapahok . terimakasih krn ngasih pelajaran kerja keras utk rakyat dgn bersih .,0
"pilkada serentak , megawati intimidasi politik uang https : \/\/t.co\/zhhvj4qrry",0
# thw911 anies-sandiaga doa ustaz debat pilkada https : \/\/t.co\/2odlryteu1,0
lelah mengabdi indonesia @ basuki_btp . # tetapahok !,0
"@ laitssaja menang , anies rangkul paslon menang kontestasi pilkada https : \/\/t.co\/kg40ytelwx",0
@ laitssaja tni-polri bersinergi jaga keamanan jelang pilkada dki tni polri bersin https : \/\/t.co\/hp77i9lffg,0
@ novie_wednes72r bismillah inshaa allah agus sylvi menang pilkada dki 1putaran pemimpin yg amanah mencintai rakyat jakarta .,0
trima kasih uda bikin jakarta menjabat ... .,0
@ nu_online sikap ketertiban keamanan kota negara menjelang pilkada dki jakarta,0
rencana tuhan rencana manusia . ahok bs kebih posisi,0
kalah tp terhormat mendukung badja # terimakasihahok,0
basuki tp ahok wawancara informal wartawan balaikota : https : \/\/t.co\/g7ib5h5rul,0
"terimakasih ahok @ basuki_btp # tetapahok kalah , selamat gubernur",0
lucu ! ! yuk ahok promosikan musik dangdut tamu mancanegara,0
"minggu tenang pilkada , ahok fokus kerja balai kota : peresmian-peresmian rptra csr ditunda .",0
mantab ! ! ahok pemprov dki jakarta terjunkan alat berat keruk sampah waduk pluit,0
pagi polrestro bekasi gelar pasukan pilkada https : \/\/t.co\/yprv5nnjsb,0
@ basuki_btp bantu . sbg orang2 ahok beliau . @ kurawa . # blusukanahok # gue2,0
"ahok gubernur lupa bangun provinsi jambi lahan petani , jln kreta api jambi , riau , lampung",0
partai nasdem optimis menang pilkada serentak 2017 https : \/\/t.co\/eoazcxai94,0
"biar kalah , bangga . sabar n iklas menerima nya . bnyak jabatan ahok . # tetapahok",0
sabar n iklas ya . hasil nya . dukung . mna pun/jabatn yg bpk emban . # tetapahok,0
"wlaupun kenal , yakini slama tlah bkerja kras tuk nilai yg diperjuangkan .",0
"rt @ ahokdijegal : mgk bs mendukung dlm kejujuran niat utk melayani warga , gantiin dlm pekerjaan",0
"puluhan personel brimob nunukan diberangkatkan , amankan pilkada provinsi",0
@ basuki_btp sing sabar pak.. simpen energi indonesia ... gusti allah mboten sare ...,0
"memilih sehat kompensasikan sarapan pagi , uhm , gak sehat . impas",0
"rt @ aktualco : mahfud md heran , uu pemda mendagri keukeuh pertahankan ahok",0
"rt @ alissawahid : tuips , sinta nuriyah mengeluarkan pernyataan terkait pilkada dki",0
rt @ amaliaamelcute2 : jatuh hati deh berpaling pilihan yg ahok -djarotlah yg terbaik,0
"rt @ anakbaranusa : yoi ... pemenagnya pasang calon , buka . 1 , 2 3 memiliki peluang yg",0
"rt @ at_abdillahtoha : aksi 112 diubah zikir pilkada . yg , zikir ibadah dekatkan allah .",0
"rt @ blogdokter : pilkada kepentingan politik , persahabatan persaudaraan terputus | saudara .",0
rt @ brani2000 : pilkada beltim kampung ahok 33 % suara . babel kalah telak . pilkada dki ? 3 % suara,0
rt @ digembok : ya allah ... beneran ... ahok samperin si emak ...,0
"terimakasih @ basukibtp 5 tahunnya , 3 sbg wakil gubernur & 2 sbg gubernur !",0
"rt @ eliya_mkom : kesimpulannya tuips , mari menangkan agus sylvi putaran , gak pakai 2 putaran , habiskan",0
selamat kemenangannya anies & sandi . semoga jakarta bersatu,0
bangga memiliki putra bangsa basuki jarot .,0
"temen-temen , apapun pilihannya , kehidupan pilkada . mari merangkul & jakarta maju bahagia .",0
"selamat status barunya # aniessandi , semangat ya , semoga sesuai janjinya",0
"ahok @ basukibtp tetep semangat yaaa , menghargai kerja keras ucapkan selamat kemenangan paslon nomor 3 # aniessandi !",0
terima kasih ahok djarot bangga perna pimpin berdua ... semangat ... sukses,0
terima kasih ahok-djarot,0
rt @ ferpuadvocates : sumarsono : gaya ahok yg kerja keras patut dicontoh bagus ! ! !,0
"rt @ franstone888 : klo jujur pake hati nurani , ahok adlh yg terbaik jakarta . gubernur yg jujur benar2 perhatian pd warga",0
ahok the best salut orang nya sabar cobaan tuhan ahok is the best,0
"rt @ hariadhi : makasih ahok , ajarkan makna peduli rakyat . andai dpt kesempatan",0
rt @ ipunglombok : hadeuuuh.. gaduh gini pilkada dki ya ... pilkada serentak 2015 aman aman ?,0
"rt @ mbaknevi : masyarakat transportasi jakarta dukung ahok-djarot , https : \/\/t.co\/7fdwk8xvcb",0
"tertarik debat pilkada dki , menarik . salah cagub mengepalkan tangan menjelas",0
semangat . maju tuhan . god bless you more and forever bpk ahok family,0
"selamat bertugas anis , semoga jakarta !",0
"@ aniesbaswedan @ sandiuno selamat ya , tunggu program terealisasi . kecewakan jakarta",0
mendoakan yg terbaik untk ucapan saudara gaza palestina,0
selamat untk bpk @ aniesbaswedan & @ sandiagauno kemenangannya . semoga allah memberkahi disetiap langkah yg ambil aminnn salam3jari,0
rt @ netmediatama : terbaik ajang debat terbuka !,0
anies @ sandiuno selamat ya terpilih jd gubernur wagub jakarta .,0
rt @ partaisocmed : kejahatan perbankan yg spin tim ahy kepentingan pilkada,0
rt @ swamediumcom : agus-sylvi diprediksi maju putaran pilkada dki versi survey grp,0
rt @ temanahok : alhamdulillah sambutan antusias warga blusukan ahok real . ngga settingan .,0
detik ahok harapan terbesar # prayforjakarta,0
tuhan rencana yg indah ahok djarot,0
selamat terima kasih ahok djarot yg menunjukan negara orang2,0
terima kasih kebaikan jakarta tancapkan hati warga jakarta,0
anies sandi menang,0
"terima kasih . pendukung , percayalah ... tuhan terbaik . # jakartapunyasemua",0
gubernur wakil gubernur terbaik jakarta miliki .,0
"rt @ triwul82 : jelang tugas , plt gubernur dki akui kinerja ahok https : \/\/t.co\/04ihgi5cwz",0
rt @ wolfcrime : pendukung dibaiat pilih agus-sylvi terima risikonya,0
mutiara mutiara ahok djarot . tuhan pny rencana yg dahsyat utk ber2 utk indonesia . maju .,0
tuhan percayakan ahok gubernur dki jakarta .,0
i love you ahok.aku berdoa semoga tuhan memberkati . salam 2 jari pa ahok i love you,0
survei terbaru : anies-sandi melejit tinggalkan ahok-djarot https : \/\/t.co\/2ihhuzpsbf,0
akui ahok tangguh,0
mendukung berdoa untukmu ahokdjarot terimakasih,0
badj pelayan rakyat ... berdoa terbaik badja . bangga memiliki .,0
mudah2han ahok nomor indonesia,0
tps paslon pilkada dki dijaga ketat,0
penduduk jakarta . kagum sosok ahok jarot.allah rencana lain.selamat beliau,0
anies tolong bongkar masjid yg bangun ahok daan mogot,0
blm move on mending bsk piknik aja mumpung long weekend hehehe,0
semoga meneladani sosok bang yos gubernur jakarta cinta @ persijajkt,0
"pemimpin yg pemimpin yg mengerti jiwa pemuda , lanjutkan @ aniesbaswedan",0
mendulungmu jakarta yg maju ekonomi nya prestasi sepakbola nya,0
"negara negara bhineka tunggal ika . ga liat pemimpin agama , ras , budaya",0
@ aniesbaswedan mendulungmu jakarta yg maju ekonomi nya prestasi sepakbola nya,0
gw @ basuki_btp patungnya tanda jasa indo madame tussaud .,0
"doa yg baik2 . tuhan . klo doa jelek jahat , berbalik yg mendoakan loh",0
"# badja jakarta butuh , indonesia menunggu pengabdian .",0
"artikel mas @ pandji . reklamasi , penggusuran , dp 0 rupiah , oke oce , `` figur pemersatu '' .",0
"# besokgueahok terbukti teruji segi kerjanya , ahok dki jakarta # tetapahok",0
"ga tinggal jakarta sih , tp 1 rumah ngotot banget dukung @ basuki_btp !",0
semangat pilkada ! untukmu pilihanmu untukku pilihanku # tetapahok,0
"perbedaan vital reklamasi perumahan , gak berkutik .",0
"sabar jgn tergesa2 nagih , beliau dilantik oktober .",0
@ aniesbaswedan knpa ngga mampir . orangtua ngefans bgt,0
semoga @ persijajkt maju gubernur era .,0
masyarakat jakarta jakarta baik.dan hasilnya terbukti,0
masyarakat jakarta salut kepemimpinan ahok .,0
sayang ahok . berharap ahok presiden jokowi .,0
milik jakarta ahok milik membangun jakarta,0
"ahok , cagub bekasi aja ya ... bekasi dipimpin orang , biar perubahan @ basukibtp",0
kekalahan ahok kemunduran peradaban indonesia . selamat radikalisme . akal sehat dinegara .,0
"semangat ahok , berjuang sekuat tenaga berusaha terbaik , terima kasih",0
terima kasih mengabdi dijakarta segudang permintaan warga .,0
"menyakitkan ya , semoga semangat kedepannya .",0
menang . menikmati kerja keras menjabat . terima kasih ahok .,0
miris ya ahok ... sukses slalu my idola ahok,0
"gue suka ahok bantuin jokowi ngurusin indonesia cepet maju , jakarta .",0
"pngn peluk bilang `` semangat ya , mendoakan yg terbaik ''",0
aya warga jakarta tp jakarta ... ..saya bangga jakarta pegang . rapih ... ..,0
seyogyanya pilihanku # tetapahok karna pencerahan pd sistem birokrasi .,0
ahok gubenur dihatiku ... .,0
lahir jakarta sampe detik gue liat kali & pintu air manggarai bersih sampah ya pas jaman jokowi sampe ahok . # tetapahok,0
gpp kalah . belom rejekinya ya . pemimpin jujur . berkarya nyata,0
"20 tinggal jakarta , 5 benar-benar perubahan sadar akitbat gubernurnya .",0
cinta ahok . terimakasih ya jasa-jasa kerja 5 .,0
semangat ahok ... . terimakasih yg jakarta . sukses ahok .,0
ahok mendukung apapun,0
terima kasih kinerja keras ahok team memimpin dki jakarta . semangat . god bless & family .,0
"ahok sosok banggakan , terimakasih merubah jakarta .",0
"semoga ahok dlm lindungan tuhan , sayang ahok , ahok orang .",0
terima kasih basuki . sejarah mencatat membawa perubahan warga jakarta,0
"lanjutkan perjuangan , orang ditempatkan yg .",0
kau terhebat.. karna kau inspirasi pengalaman berharga .,0
ahok berkarya . kesempatan 2019,0
setuju kalo gubenur kerja bagus kerena kerja basuki keluarga mendukung basuki,0
yg terbaik jakarta..terima kasih yg kerjakan semoga allah meridhoi langkah bapak..,0
jabatan yg terpenting orang terhebat jakarta kerja keras ahok..sekali terima kasih ahok,0
ahok ... .walau warga dki ... .saya sedih terpilih lg jd gubenur dki ... ..,0
bpk gubernur satunya yg membawa perubahan jakarta ... semangat ...,0
"ahok , , mendoakan ahok pagi jam 3 kecewa hasil pilkada",0
"kalah menang . kekuasaan tangan tuhan , ahok menjual iman ahok jabatan",0
terimakasih ahok djarot kerja tulus kerasnya jakarta..,0
media asing menyorot hasil pilkada jakarta,0
ahok belajar pilkada dki,0
pelajaran dipetik ahok pilkada dki,0
ahok : lupakan kampanye pilkada,0
presiden percaya pilkada dki hasilkan pemimpin terbaik,0
kapolri pastikan pilkada dki berjalan lancar sejuk,0
pengamat : pilkada dki panas parpol sulit disiplinkan massa,0
parpol pendukung ahok-djarot komitmen jaga pilkada damai,0
"amankan pilkada dki , polisi terapkan sistem pengamanan",0
instansi keluarkan maklumat larangan mobilisasi massa pilkada dki,0
baju dipakai ahok debat pilkada yg tonton metro tv tv one . barusan cek,0
"warga negara , lo wajib mensukseskan pilkada jakarta 2017 . temukan performa berbeda debat pilkada 7",0
debat menentukan elektabilitas pilkada dki putaran,0
terima kasih ahok jasa2 membangun jakarta,0
salut banget sm ahok.. benar2 berjiwa kesatria.. langsung selamat pasangan anis sandi..,0
keluarga hak pilihnya pagi . lupa warga jakarta tps jam 1 siang !,0
terima kasih jakarta ... semangat !,0
", orang jahat jatuh , orang , dibangkitkan !",0
"dijatuhkan berkali2 , tuhan mengangkat yg",0
rencana surga indah yangg ahok semangat ya,0
basuki djarot kuat didalam iman pengharapan ...,0
jalan terbaik sekedar gubernur wakil gubernur dki..,0
masyarakat indonesia khusus dki pemimpin hasil kerjanya,0
rakyat indonesia berasal dki mendoakan semoga basuki djarot lelah melayani semangat,0
"padam kemanusiaan ya , mengenang manis yg perjuangkan",0
doakan ahok tamengnya kejang2,0
semangat . ahok.. dukung ahok djarot .,0
pemenang debat pilkada dki malam ... ... ira koesno ! ! !,0
"selamat pasangan no 3 , anies-sandi pemenang versi quick count ... terima kasih ahok-djarot kerja jakarta ...",0
semangat ahok warga bandung ahok yg juara ...,0
"yg , kerja keras , , jujur ahok .",0
"maaf ikutan nyoblos , ktp jakarta , skrg tinggal bandung , berdoa",0
"semoga ahokdjarot melanjutkan visi misi nya membangun kota jakarta , rapih bersih nyaman",0
nama tuhan jakarta yg,0
semagat anies semoga rahmat tuhan yme,0
warga dki hak pilihmu ... .jangan takut smua warga yg hak sehat lahir batin,0
semoga tuhan masyarakat dki jakarta keadilan sesuai pemimpin yg benar2 rakyat amin .,0
eks pendukung agus-sylvi jakarta timur deklarasikan dukungan ahok-djarot,0
"salah jokowi , ahok kafir-kafir ateis . https : \/\/t.co\/v2grcuesti",1
@ fahmiabuazzam1 biar aja biar tai nya kena lo ya . loh tuh gak suka sm ahok biar loh sm bpk loh sm loh kena tai nya .,1
rt @ bungwinar : angin memporakporandakan basis pemenangan si penista agama ... cililitan.\nya alloh ampuni kami\n # jakartabanjir,1
"rt @ lupuz0503 : prestasi ahok , \nselain mjadi mafia koruptor n penista agama , bhasil tenggelamkan jkt congoran cebon",1
ulama kompak nyatakan # harampemimpinkafir pilih ahok = murtad !,1
kau pendikan bodoh ... .gk larang bawa agama..biar orang islam yg bayar ahok sadar gk milih ahok gla,1
@ indopoints tanah abang cina udah resah stres gara2 si penista agama pilkada pasar jd sepi . sepi 2 minggu lg ha . ha,1
@ investigator_ri yg menentang si cina kafir ahok kriminalisasi polisi dgn smua rekayasa hukum nya,1
@ yohanestarigan9 ga habis pikir fanboy ahok bego bego ya ga ngerti sejarah . gampang kejebak iklan . maaf ya .,1
@ zufrianto3 pilih ahok drpd pilih yg iman tp koruptor dn munafik ! ! bodoh kau,1
ahok si penghina al - qur'an ulama bersikap menjijikkan sok suci https : \/\/t.co\/btkcetnk0g,1
"ayo umat islam yg pinter , jgn percaya klo aksi 112 tdk hubungannya dgn pilkada , ahy yg bayar anies yg untung \ud83d\ude01",1
# debatfinalpilkadajkt mampuuuusssssss mpok silvy ! ! ! !,1
hidup china komunis ! https : \/\/t.co\/b1rhevkrxl,1
tuh kesalahan jokowi ahok si babi ateis . https : \/\/t.co\/v2grcuesti,1
kalo ahok menang pilkada bikin video sex bareng anaknya tan. ? https : \/\/t.co\/7msmthwwlk,1
keluarga berdomisili jakarta pilih ahok ! ! https : \/\/t.co\/gzkzftpvcw suara ulama bulat ! # harampilihahok # jangangolput,1
ketutunan cina kota pulau kejakarta coblos ahok ktp aspal kamboja,1
rt @ indopoints : china babi ... china maling ... \n # usirchina https : \/\/t.co\/9y4hiwhjp2,1
rt @ mosangada72 : memilih agus-sylvi ? ? ? \nanaknya sby keluarga koruptor\n # blusukanahok\n # berjamaahcoblospecinya\u2026,1
tangkap ahok klompok nya yg pemalsuan e ktp karna penghiyanat bangsa negara,1
"tangkap ahok , share setuju ! ! !",1
"sayang bangsa jago merasa-rasa . yg mendukung ahok , yg mendukung mas anies suci",1
video ahok menghina agama kristen agama konyol # ahokpecahbelahbangsa,1
"penista agama , jpu ahok pemecah belah bangsa https : \/\/t.co\/6qkifcjqhq",1
mbak sylviana please sehat ? # debatfinalpilkadajkt # perjuanganbelumselesai,1
nomor 1 sok tau lansung skak wkwkwk # debatfinalpilkadajkt,1
rt @ gemacan70 : ayoo jaga keutuhan nkri ! ! ! tangkap penista agama ! ! ! # stopkriminalisasiulama https : \/\/t.co\/dxidq4zqhv,1
"@ lupuz0503 : salah pendukung mafia koruptor penista agama , gerombolan banci titot lakukan bidikan arah",1
tobat yuk terlambat . biar gerombolan jil aja yg doakan konsisten bela kekafiran hayat https : \/\/t.co\/979uj6itrm,1
"rt @ ustadtengku : ya allah menempuh cara2 curang utk memenangkan si penista agama , engkau kirimkanlah malaikat maut utk menyeles\u2026",1
; kebanyakan fitnah nih mpok silvy # debatfinalpilkadajkt # gue2,1
"fpi : pendukung ahok kalah , izin allah gusur gubernur koruptor penista agama https : \/\/t.co\/jp7pglrgie",1
# jakartabanjir pemimpinnya gak akhlak yg ... penista agama . https : \/\/t.co\/pnegdjmpch,1
"rt @ felixsiauw : twit asik lo , tau akun-akun pro-penista agama , akun-akun buzzer kerjanya menghujat : )",1
@ divhumashansip : ahoker bela penista agama https : \/\/t.co\/hxuu4rudfx\,1
rt @ alwinazar24 : cucunya dajjal hadir,1
"siang malam maki2 ulama , nongkrongi medsos ulama2\nbela penista agama yg sombongnya ampun .",1
rt @ jhonkosmik : mayoritas etnis china dki ? \nmengapa solid mendukung penista agama islam ? \n\ndendam ? \ntidak nasionalis ?,1
mukanya mpo silvy asem bangett ngakak kena deh abis jahat sih # debatfinalpilkadajkt,1
rt @ godinj760478 : @ tempodotco gara2 belain terdakwa penista agama remek . sukurin,1
"rt @ chaeruddin_b : sekumpulan teman penista agama\ntdk empati korban banjir , koar2 memuji junjunganya https : \/\/t.co\/xqfktdg74x",1
rt @ terorissocmed : penjarakan penista agama ! ! ! @ jokowi turun ! ! ! https : \/\/t.co\/vqh0tnxarz,1
"si penista agama , jaga mulut aja gabisa jaga jkt ?",1
ahok : program paslon no . 1 programnya ngambang | yaiyalah pakkk gak program diaa cma celaan # debatfinalpilkadajkt,1
akui ahok djarot gagal atasi banjir.orang kena banjir sibuk sidang penista agama,1
rt @ 87_julay : iyaa ... ahog ngak pantes pemimpin.. pantesnya penista agama dipenjarakan ! ! ! https : \/\/t.co\/yhho40qwxs,1
rt @ wongawas : overdosis @ metro_tv membela penista agama . https : \/\/t.co\/i84rarpy5w,1
"kaga masuk diakal kite kalo suara penista agama yg dah dikutuk ame umat islam suara nye , emang sengaja ditinggiin tuh",1
rt @ andreobz : pantasan pecat dr menteri ... data2 aj ngawur memkasakan betul..hahaha # ahokpastitumbang # paslon3 # pilgubdki,1
rt @ bangsapenguasa : penjarakan ahoax penista agama jokowi turun. # konsolidasidewanpkb https : \/\/t.co\/xow5eakisk,1
"napa dibiarin tim si penista agama maen curang maren , emang sengaja dibiarin biar ntar digaplok umat islam rame2 jakarta tuh penista",1
hahahahhahaa silvy ohh silvy cacingan loe ahhh wkwkwkwkwkk # debatfinalpilkadajkt,1
rt @ rakyat_angin : ahok taik . \ '' menfitnah\ '' . emang lu tukang caci maki perempuannn ! ! asuuu # ahokpastitumbang # debatfinalpilkadajkt,1
rt @ hasanarisandi : # ahokpastitumbang fakta bilang fitnah\n # debatfinalpilkadajkt,1
"shame on you silvy ! ! ga malu fitnah ? ? tuh rasain ahok panas , skak mat # debatfinalpilkadajkt",1
bu silvi anti pns level rendah # debatfinalpilkadajkt,1
rt @ annisafytr : orang islam bodoh goblok memilik ahok ! # debatfinalpilkadajkt,1
"@ divhumashansip : fitnah fpi pecah ulah ahoker yg elektabilitas ahok tinggal 10 % , kelojotan mui+nu+muhammadi",1
norak banget iklan mantan mendikbud @ aniesbaswedan . gak respech.. tenun kebangsaan yg maksud.\u2026 https : \/\/t.co\/ux7heykblg,1
"rt @ divhumashansip : yg nebar kebencian ahok mbak , mbak gak tau sih terdakwa loh @ anizzahgedrun",1
bu sylvi gak mutu . # debatfinalpilkadajkt,1
huuu sylvi apa-apa ngoceh # nobarahokdjarot # debatfinalpilkadajkt,1
sylvi keliatan bloonnya # debatfinalpilkadajkt,1
rt @ wanitarevolusi : ahoax penista agama mengolok olok surat al-maidah 51 . cc @ dahnilanzar,1
# jakartabanjir pemimpinnya gak akhlak yg ... penista agama .,1
# debatfinalpilkadajkt mati kau hok,1
yg ga program bisanya fitnah . ciri orang yg demen ngambil kjp kontan # debatfinalpilkadajkt,1
mpok silvi nyinyir melulu nya sayang sesat ! maklum sih dese emakemak ! # debatfinaldki # debatfinalpilkadajkt,1
rt @ bajigurceleng : @ jpnncom hahaha jelas2 pilkada dasar polisi made in cina pelindung penista agama,1
kurangnya pemberdayaan wanita dki jakarta telaknya perbedaan warna muka warna tangan mpok sylvi # debatfinalpilkadajkt,1
agus silvy tukang fitnah # debatfinalpilkadajkt,1
# debatfinalpilkadajkt yaudah gus kalo ga sakit fisik verbal gw gebukin lo rame2,1
keluarga gak yg maling coyy gak trauma kaleeeee emang kluarga ente ?,1
jg kaitkan jokowi ahok johan budi . . jokowi anjing . ahok babi . ya berbeda . otaknya,1
bajingan lu silvy # debatfinalpilkadajkt,1
"hasil , @ jokowi melindungi ahok terdakwa penista agama ! ! !",1
rt @ sibonekakayu : selepas banjir jakarta 212 pendukung ahok mengganti narasi doa . keuntungan sang penista agama,1
tionghoa kaya ? putus sekolah ? kebanyakan dugem ?,1
gusur ahok indonesia . teladan buruk pembangkangan hukum anti kemanusiaan jakarta jgn tertular daerah . # coblospecinya,1
"ahoker takut matinya gg disholatin , tenang abu janda ust gadungan yg sholatin ahoker & jokower",1
mampuuss ! tembak dalem banget silvyy .. lo urusin tuh dapurr ! gak program demennya nyerang ! ! ! # gue2 # debatfinalpilkadajkt,1
anjir kali lihat orang bego debat pilkada . kerjanya nyerang karakter . shame on you mpok silvy and agus . # debatfinalpilkadajkt,1
uang taipan tuh . dibayar ratusan penggusuran biadab ahok .,1
cina asu https : \/\/t.co\/zm1bsjaiha,1
"ngomong , sylvi keliatan oke . didebat ahok , sylvi langsung kekuatan goblok .",1
"banjir , tuhan aja dilawan ahok # jakartabanjir jakarta banjir , genangan .",1
pemimpim pribumi knp pilih pemimpin impor yg g beradab tukang berbohong yuk pribumikan dki milik bangsa ind @ gemacan70 @ terorissocmed,1
karna ga program modal bacot doang,1
pendukung dr penista agama ! ! ! dukung gerakan 100 %,1
narkoba yg berbahaya ilusi kesucian ahok sang penista .,1
@ tribunnews emang ahok ? ? orang ? ? penista agama ! !,1
cina mah duitnya hasil maling indonesia balikin lgi berkedok invest plus bawa gembel2 & napi cina negeri nenek moyang ahok,1
"tangkap ahok @ basuki_btp skrng , koruptor reklamasi jakarta penista agama islam .",1
keliatan banget bego nya mpok silvy and agus . # debatfinalpilkadajkt,1
"yg ahokers , klo gak seneng ama cuitan gw silahkan unfollow krn gw anti ahok ( si penista agama islam )",1
agama nistakan ! ulama lecehkan ! ! alasannya # harampemimpinkafir,1
rt @ fredybastian3 : serang ahok : kafir galak,1
@ umnia77 @ ruhutsitompul @ sahal_as anjing2 ahok.kaum babi lo bnyk bacot.mnding duel sma gw .,1
ahok verbalnya keras . pelampiasan pelarian kelelakiannya lunak .,1
"yg maling china2 babi blbi , korupsi nya triliunan , si ahok korupsi 2 triliun..",1
mimpi djan farid jakarta islami aceh ahok terpilih babi merindukan halal,1
@ kompastv @ ridwankamil ridwal kamil hebat top nggak kaya ahok tukang penista agama koruptor,1
@ tpk_ri si ahok kutil babi,1
dasar si kutil babi ahok tukang bohong . bohong ahok jg menyalahkan yg menutupi kegagalan nya . contoh banjir,1
@ ponkecha @ fahrihamzah si terdakwa penista agama alias si ahok babi jamban tuh morfotin uang rakyat jakarta,1
"om ... ahoknya ... om , si babi ahok ngatasi banjir ... om ... babi jgn membual om ... ? ! ! ?",1
anak babi jalan nya nunduk ? ? ? malu liat ulah nya ngebelain ahok..,1
perilaku si babi @ jokoanwar benci dgn berbau islam . cocok dgn ahok . @ sibonekakayu,1
@ budimandjatmiko ahok si kutil babi rumah lembang jakarta banjir bud ?,1
"# jujur orang cerdas pintar pilih orang imam memimpin ..bisa sholat ... ngaji..santun , sopan..tidak babi kafir ahok",1
teman ahok emank tai . pemimpinnya kek babi ! @ temanahok,1
"babi ahok yg ngejek onta , biar injek2 ama onta",1
@ gotcancer2 stigma babi milik tuhan elu si ahok kafir,1
kampungan ya pendukung ahy https : \/\/t.co\/gmezpoylsy,1
"@ ananda_harahap udah lu jgn panik gitu . ahok si kutil babi tumbang putaran . teruskan cuapcuap mu sosmed , gak ngaruh .",1
"ahok layak manusia , babi yg akal pikiran jiwa manusiawi",1
@ halojakarta ahok ( btp ) basuki tai babi,1
"rt @ diyahaudya : @ yusuf_dumdum yg , cacimaki penista agama ketauan poligami ngumpet2 . digituin ? sih ogah .",1
"@ adichandramang2 @ cummarachel @ korban_gusur iya , trump penista agama anti islam emang hubungannya dgn anis ?",1
@ adichandramang2\nada aseng koplo pembela si penista agama yg durjana nyuruh org ngaji !,1
"@ bayprio kebodohan penista agama , pilih pemimpin yg shalat 5",1
@ iwanfals pilih anis sandi doong..jgn pilih si penista agama pemecah nkri,1
"@ posmetroinfo emang terdakwa penista agama , salahnya dimana coba , kl yg bikin hoax metrotipu aman2 aja tuh dewan peres",1
@ ramadanmalka pamor rk seakan parpol pengusungnya pendukung penista agama ...,1
@ restyseterah si ahok pantasnya dinobatkan sbgai babi ngepret,1
"@ roninpribumi @ dewanpers yg salah menulis terdakwa penista agama , coba klo ditulis baginda mulia ga masalah..cuih..",1
faktanya cina2 parasit tuh ngotot belain si penista agama @ pradanabhakti @ irianapasirua @ putrasumedang18 @ khoirulilham12 @ ronavioleta,1
jokowi ratu adil apaan.. ? ? ? ga keturunan darah biruadanya darah kotor cina babi.. ! ! ! https : //t.co/jtwfrrdlf4,1
rt @ restyseterah : keren nih apps kawal tps .. yuk gabung pastikan cagub terdakwa penista agama cepat diantar kehabitatnya,1
"lo gak tau apa-apa ya berkoar sembarangan , keliatan banget lo beneran bego : ) ) # fuckyou",1
@ ahmaddhaniprast ahmad dhani terhormat babi anjing aing kontol lonte tungu nya karier mu habis ! ! ! !,1
"kang @ ridwankamil , fakta , partai pendukung si penista agama dibenci rakyat , rakyat jabar . https : //t.co/b2wetyvrbz",1
"plis sok kecantikan pacarin artis2 meletek , jijik gw liatnya",1
"muntah liat lagak nya @ ahmaddhaniprast , orang sok iye banget hoek",1
@ metro_tv ngomong ahmad dhani monyet babi anjing .,1
"perempuan kaya lo mending mati aja deh , jelek aja , gausa sok make up artist !",1
"ahmad dhani borok , sampah , babi , anjing . orang yg muak liat muka dhani berbangga .",1
emang sdh jelas2 si ahok terdakwa penista agama . malu woy ! https : //t.co/2k0hlmpr9t,1
"keputusan erka hormati , memilih partai pendukung penista agama .",1
lupakan @ ridwankamil biarkan karam dg kapal munafiknya . bangun jabar dg kapal yg bersih . delete partai pendukung penista agama hati,1
dunia nafsu ya kang @ ridwankamil . kata2 bersayap kayak burung hantu . https : //t.co/mwclbku4st,1
penista agama santri kehormatan.yang kasih ahok otaknya direparasi.demi pulkada nama santri yg kailan jual belikan,1
"payah banget @ ridwankamil maju jabar1 pakai partai nasdem pendukung penista agama , ente butuh uang ya kang ? payah loe ! !",1
"polisi yg imam sholat penista agama , bodoh , berislam ikut2an . copot kapolres jakbar ! ! https : //t.co/s2h2ybrthm",1
"rt @ ferdyfrodoo : @ bayprio kebodohan penista agama , pilih pemimpin yg shalat 5",1
"rt @ ra_ria_rana : gak habis pikir ? ? ? \n\ntinggal nunggu adzab allah nih negeri , , , , pemimpinnya sdh dzalim https : //t.co/umzk4btyi4",1
"lu , kampung didatangi penista agama , https : //t.co/1z3mths9ck",1
"setuju , klau ahok gelar santri kehormatan ... . santri kehormatan babi ... . https : //t.co/ud16d7gwhd",1
senang yg fans mati lupa bego banget https : //t.co/ctjfc5a8zz,1
@ ahmaddhaniprast lo tuh babi anjing . mampus kalah jatuh miskin deh # bekasisah,1
@ bayprio : si ahoak @ basuki_btp cina anjing kafir penista agama islam ... . ! ! !,1
"@ ahmaddhaniprast anjing kpd ahmad dani , ... .aku babi kpd ahmad dhani , ...",1
"@ bisniscom haha memaki melawan mah , drpd ditindas pemimpin munafik melindungi penista agama , dll . agama no 1 ( islam ) , taubat rot",1
"@ anakran63208433 @ 5ec4a1e80d3c48c @ aniesbaswedan pikiran anak bani kampret g beda sma penista agama . penfitnah , penipu garong..",1
@ gemacan70 yg cewe pake kerudung ngapain ya ? kali konfrensi pers aja.. pencitraan islami kaliiii ... bwahaha.. ! !,1
@ republikaonline spt ahok .. nasdem disusul dg cs nya .. yg mendukung paslon penista agama tukang caci maki tai tai ..,1
@ topan_julian1 kalo mecin dijadiin cemilan mangkannya kang . begonya bego banget .,1
@ ulinyusron cm didoain mah ketemu si penista agama langsung ceburin laut yg direklamasi ijin sembunyi2 tumbal reklamasi,1
"@ ymerdeka33 @ ach_qodr @ basuki_btp cabe2an nya bbm.n facrbook.n ! ! politik tau doi , tau nya berita2 sampah pencitraan",1
manusia anjing mati-matian rela murtadz babi ahok kafir . https : //t.co/2xxn5cfdvm,1
"ahok jamban yg dibela aparat , kristen china kafir berani menghi https : //t.co/quutkrlsp3",1
"resah jd presiden ! ! ! ! hidup penuh drama pencitraan , main ftv aja joko judulnya https : //t.co/t2bugltnuo",1
"percya , sdgkan induknya penista smp skrg lum ditahan tp dibela . https : //t.co/oc1vgdx0z4",1
mari muslim cyber army skrg ganti sebutan a ... .k terdakwa penista agama !,1
"orang islam suka si hoax penista agama , menjaga lisan tindakan hal-hal merusak hubungan ... https : //t.co/flhw31wxdu",1
rt @ izzah_pandeka : # nomor2koruptor negeri korup diasuh cino babi https : //t.co/wjxalypxpn,1
rt @ gemacan70 : hajar bleh bela # nomor2koruptor ... cuihhhhhh https : //t.co/o4nnzbknys,1
rt @ korban_gusur : @ rakyatbiasa1945 cebong gendheng ngamuk2 belain si homo penista agama ! ! hahaha @ oshmuslim @ rebuskentang @ m3g4,1
rt @ ustadtengku1 : @ rizieqsyihabfpi tolol yg bela penista agama tersangka,1
orang saksi anjing dikasus babi.. tolol https : //t.co/ssepg5fcxm,1
si ahok kampret emang gak becus kerja . pencitraan mlulu tuh si ahok kampret . https : //t.co/ym5viofvpc,1
"lu , kampung didatangi penista agama , https : //t.co/1z3mths9ck",1
"tanda2 kiamat x yak , aja orang muslim yg mengingkari al-quran pilih penista agama . # nomor2koruptor # nomor2koruptor",1
"# janganmaudibohongiahok ahok sumber kekacauan politik , ramaikan aski 313 fight ! ! https : //t.co/wobxlxvznx",1
# matanajwadebatjakarta anies sadis . topengmu terbuka lebar malam . biar warga dki yg menilai ... yg pengecut,1
anies congornya aja gede . realisasinya gak . janji bisanya korupsi . dosen aja bangsat .,1
"# matanajwadebatjakarta hebatnya , ahok salaman loh sm anies terhormat . idih gw sih ogah .",1
# matanajwadebatjakarta urusan bacot anis nya juaranya..memang makan bacot jakarta..haha..paslon yg aneh gede bacot doang .,1
# matanajwadebatjakarta anies omdo jd menteri terobosannya ? ? skrg ngomong ky sok jago bgt,1
# matanajwadebatjakarta si cina babi ahok bloon banget . sok pinter banget . ahok,1
# matanajwadebatjakarta lucu banget ahok.. gak nyambung . . kena skak mat d isu agama tdi . dasar cina tolol hahaha,1
# matanajwadebatjakarta topeng fix terbuka @ aniesbaswedan .. dgn yg mendukung anda.. bau busuk,1
"# matanajwadebatjakarta anies suka nyinyir , suka memutar fakta , ga program yg bisanya jelekkan kinerja basuki",1
babi ... iya si ahok gak kayak babi..,1
si tengkuk babi sipit bangke agen dajjal onta hahaha . orang waras tau ahok dipaksakan ! !,1
ahok kafir..umat islam anti ahok ahok kafr ditambah ahok cina yg suka makan babi & bir,1
"gw bilang babi ahok kafir , gw pengen gerombolannya babi ahok merasakan bagaiamana klo anjing2in , bangsat2in",1
"sibabi china biadab memperlakukan kaum pribumi , jongon2 spt banser & nu nusantara mendukung ketimpangan , biadabnya mrk !",1
ahok kafir takut debat rakyat asli pribumi nelayan pakar reklamasi rakyat.. ahok kafir bencong,1
nampaknya paket penyokong cina babi sokong lgbt,1
kebiadaban ahok cina kafir anak2 rakyat pribumi ibu2 islam digusur rumahnya kehidupannya,1
"tim ahok yg otak wc otak tumpul anies sdh komit dgn pancasila , ahok kafir sgt tdk bs berpancasila",1
"# matanajwadebatjakarta anies meninggalkan ketenangan ketulusannya debat malam , mjd agitatif licik . semoga kalah kau anjing",1
proses # sidangahok waspadai ulama2 kubu ahok..yakni ulama2 `` munafik '' sesat menyesatkan.. ! !,1
anies merangkul dua2nya persatuan spt ente dangkal & cekak intelektual budak ahok kafir .,1
"kebiadaban ahok cina kafir rakyat yg pkl & asongan2 digusur2 dianiaya spt teroris , ahok kafir biadab",1
rt @ leonartorabono : kenyataanya jutaan rakyat asli pribumi yg miskin dimiskinkan ahok cina kafir ... .,1
indonesia . yg dibully org yg bener.yg salah binatang2 nomor dibiarin berkeliaran # matanajwadebatjakarta an https : //t.co/jysg6x1a,1
"# sidangahok smg sipenista agama n ateknya matinya tdk wjar n jasadnya tdk dtrma tnh n tdk prnh mrs kn sorga , aamiin semoga tuhan setuju",1
"iya , kelasnya penista agama , bs nya cm ngebacot doang yg arogan sk blg taik '' nenek lu , oh ya sumber waras n nama d e ktp apkabar ? skakmat",1
penjarakan cina kafir ateis ! ahok pemimpin babi tukang korupsi !,1
kampanye rasis ngmg nya ahok yg untungkan.. goblok kafir untungkan.. perkosa bunuh lu enak berduit,1
hahaha idiot bilang kpd orang2 kafir terurama nasrani pendukung2 ahok kafir memasuki wilayah2 syariat islam,1
i hasil makmak jual pukinya . kslian yg berpihak pki si ahok anak china anjing kafir . nkri,1
"tim pendukung sakit jiwa , kehilangan akal sehat & ide # iklanahokjahat",1
# iklanahokjahat hati hati prustasi memainkan kasar ! ! hasil survei si penista agama kalah ! !,1
"hookk , masuk gorong '' aja loe # iklanahokjahat",1
kayak gini nih kampanye tim aniessandiuno kampung2 mengintimidasi masyarakat . kampungan ye ? # asutenan,1
si kutil babi melecehkan pribumi umat islam # iklanahokjahat,1
ngomong aja ente kaca ! memecah belah kerukunan hok ente bisanya . ngaco ! # iklanahokjahat,1
"# iklanahokjahat terorist nyata indonesia ... wahabi , onta babi babi milik cina penebar teror sesungguhnya ... .",1
"rt @ terorissocmed : sadarlah anak bangsa , pertiwi diporakporandakan manusia biadab @ basuki_btp aktor utama",1
"gerombolan @ basuki_btp rindu kerusuhan , hati2 dikabul tuhan # iklanahokjahat",1
ahok and bani serbet and wereng coklat memancing umat muslim marah ? # iklanahokjahat . kumpulan orang sinting,1
"# iklanahokjahat direzim jokopret , setan , iblis , dajjal dibangkitkan dr kuburnya . gembira berpesta pora dibelenggu",1
anti cina & ganyang cina tuh siapaaaa.. ? ? ? anti ahok sang penista agama ! # kampanyeahokjahat # iklanahokjahat # kampanyesara,1
udah bingung kalik pakai kampanye . sampai2 bikin fitnah kayak begituan . depresi ya takut kalah ? # iklanahokjahat,1
tahukah persamaan malin kundang ahok ? berdua sama-sam durhaka ! ! ! ! ! ! ! # asbak # iklanahokjahat # kampanyeahokjahat,1
"haduh kelakuanmu hok , sok-sokan menjaga keberagaman provokator & rasis ! ! # iklanahokjahat",1
rt @ sarwandi_sr : # iklanahokjahat bikin darah mendidih . bangsat penuh propaganda . emang lo islam radikal ?,1
kapolda babi ! biadap bodoh ! gak otak kali .,1
"jangan2 deh @ basuki_btp hina islam , manusia hina dibandingkan agama mulia , siapa2 & apa2 # iklanahokjahat",1
ahok kafir budak2nya anjing2 nya sampah agama islam sampah masyarakat,1
umat agama islam dijakarta haram najis ahok kafir kristen ...,1
19 april cnn kibarkan bendera kuning kematian ahok-djarot ... .,1
akibat ulah orang2 kafir nasrani persis ahok kafir yg melarang jilbab anak2 sekokah jakarta ... .,1
baswedan gubernur jakarta komisioner kpk ... .. ahok kafir pantasnya germo alexis ... .,1
"rt @ yudijannis : # iklanahokjahat klo ganyang beneran hok ? sih maunya elo ya hok , adu domba pribumi tionghoa ! !",1
djarot memikirkan rakyat pribumi bisanya membabu kpd cina2 betul2 songong jongkok .,1
"otak wc otak babi yg menerima ahok kafir & , ahok kafir bkn sekedar menghina sdh anggap islam sampah",1
"putaran ahok kafir curang umat islam komitmen jakarta dijadikan lautan api , mikir hukum",1
# iklanahokjahat ahok menciptakan bara api rakyat pribumi tionghoa yg dibalut phobia ... . ahok kafir rasis ...,1
heran pemerintahan jokowi budaknya kulinya cina2 ahok kafir 9 naga ...,1
ya namanya cawgub goblok gak ngerti peraturan debat ... .kelihatan bego liciknya sandiaga uno .,1
bodoh pendukung ahok yg muslim tersinggung ! aja sih qur'an d hina mrka diam # iklanahokjahat,1
gubraaaaak ! ! ! ! malu liatnya ... untung semalem debat ga kaya mata najwa.. coba kalo formatnya ringsek dah pasangan asu ...,1
yg otak ahok-djarot tumpul loyo stress ... .. jebol dicopot diganti ... ..,1
"ahok kafir maling garong , lahan laut milik nelayan dirampok & dirampas reklamasi yg menguntungkan cina2 kafir..",1
sumpah bego bgt sih kesel gue . org yg vote makhluk kayak sandiaga uno coba . oh agama,1
"responden2 yangg goblok2 faham & wartawan beritasatu goblok , klo anies-sandy memimpin mudah",1
"fpi renovasi masjid , ahok kafir kristen ngapain ngurusi masjid2 hubungannya ... ..",1
ahoker kristen & munafik berhenti mengolok2 gereja stiap ? dibriefing ahok menghina si bumi datar ?,1
uma surveynya si botak yg menangkan ahok . ? cina kristen . bukti kalo si botak dukung cina kristen,1
"ahok pemecah belah ummat , ajaran kristen konyol , meraup suara muslim , ahok rasis , pki tulen",1
woy @ aagym lu udah nonton ? fitnah ? pale lu peyang gym . https : //t.co/u3qhujpwg,1
"ahok : memilih pemimpin berdasarkan agama melanggar konstitusi . babi bungkus aja , congornyapecah belah umat beragama .",1
"pribumi , kristen mendukung ahok . anti manusia2 bodoh goblok steven hadisurya sulistyo .",1
"maksudnya terbukti korupsi penistaan agama nya ya om , bangsat lo , taik lo , maaf gw pake bahasa babi ahok .",1
"ehh taik , bangsat lo , omongan elo kayak iwan bopeng , yg mo potong leher tni , bangsat lo iwan bopeng , baek2in tni . taik lo ,",1
"ehh anak anjing ahok , kelan blon siuman , mending emut2 bool basuki aja , kasih tau babi yg , bool basuki wangi gitu",1
cwe cakep tp bego.pantes gk laku.si ahok cina bau tai.makan bubur encer.ahok faham komunis.menista islam & kristen,1
"ajeng paham si babi ahok klo bicara santun , bangsat , taik , anjing , setan lo , dngn intonasi yg familiar tuntuna",1
", bunuh aja yg didepan mata , mafia koruptor nya , penista agama , panggilan popular nya babi ahok",1
gimana dgn sumber waras.. trans jakarta ko jokowi diem ajah ... . si kutil babi ahok ganyang,1
muka si babi ahok tuh yg serbet lantai ... . @ basuki_btp ...,1
"bang hancurkan merka bang , musnahkan china babi dibumi pertiwi indonesia , berkedok reklamasi ahok",1
"sapa yg bilang ahok anti korupsi ! ? , klo grombolannya ngomong gtu wajar , ahok mafia koruptor sang penista agama yg dilindungi istana pki",1
"gw ngimpi sentilin biji babi ahok , pcetar pcetar , langsung kejang2 die , ngadu jkw , jkw : makanye sunat , bru ngomong almaidah .",1
mudah2an gw ketemu si babi iwan bopeng tps nya anjing ahok,1
